Artist,Artwork,Investment Name,Total,Quantity,Ask
 Jean-Michel Basquiat,The Mosque ,Masterworks 006,989.50,50,19.79
 Yayoi Kusama,Infinity Nets ,Masterworks 063,"1,100",50,22
 Andy Warhol,Little Electric Chair ,Masterworks 017,"12,918.75",625,20.67
 Jean-Michel Basquiat,The Mosque ,Masterworks 006,198,10,19.80
 Yayoi Kusama,Untitled ,Masterworks 056,198.50,10,19.85
 Banksy,Monkey Poison ,Masterworks 015,185,5,37
 Sam Gilliam,Through ,Masterworks 057,117,5,23.40
 Alex Katz,Maxine ,Masterworks 005,99.95,5,19.99
 Sam Gilliam,Through ,Masterworks 057,234,10,23.40
 Chu Teh-Chun,Printemps Hivernal  ,Masterworks 049,99.50,5,19.90
 Sam Gilliam,Through ,Masterworks 057,585,25,23.40
 George Condo,Listening to Voices ,Masterworks 047,112.50,5,22.50
 Alex Katz,Maxine ,Masterworks 005,199.90,10,19.99
 Jean-Michel Basquiat,Loin ,Masterworks 030,28,1,28
 Jean-Michel Basquiat,Loin ,Masterworks 030,150,5,30
 Jean-Michel Basquiat,Loin ,Masterworks 030,30,1,30
 Pierre Soulages,"Peinture 102 x 130 cm, 11 Juin 2007 ",Masterworks 011,"2,875",125,23
 Yayoi Kusama,Pumpkin ,Masterworks 038,480,20,24
 Agnes Martin,Untitled #12 ,Masterworks 055,"2,200",100,22
 Keith Haring,Untitled ,Masterworks 018,"2,100",100,21
 Agnes Martin,Untitled #12 ,Masterworks 055,"1,000",50,20
,,,,506.25,25,20.25
,,,,"3,375",75,45
,,,,300,10,30
,,,,205,10,20.50
 Alex Katz,Grey Ribbon ,Masterworks 035,497.50,25,19.90
 Andy Warhol,Dollar Sign ,Masterworks 071,"1,200",50,24
,,,,"6,247.50",250,24.99
,,,,"3,450",150,23
,,,,"14,400",480,30
 Mark Bradford,Value 47 ,Masterworks 039,"15,000",500,30
 Jean-Michel Basquiat,Loin ,Masterworks 030,"15,000",500,30
 George Condo,The Age of Reason ,Masterworks 029,"11,000",500,22
 Andy Warhol,Little Electric Chair ,Masterworks 017,"10,750",500,21.50
 Andy Warhol,Dollar Sign ,Masterworks 071,26,1,26
 Banksy,Monkey Poison ,Masterworks 015,193.75,5,38.75
 Alex Katz,Maxine ,Masterworks 005,102,5,20.40
 Cecily Brown,There is a Land of Pure Delight ,Masterworks 028,373.50,15,24.90
 Sam Gilliam,Tracing ,Masterworks 010,239,10,23.90
 Lucio Fontana,"Concetto Spaziale, Attesa ",Masterworks 033,313.50,15,20.90
 Agnes Martin,Untitled #12 ,Masterworks 055,225,9,25
 Sam Gilliam,Reaching ,Masterworks 051,363,11,33
 Banksy,Monkey Poison ,Masterworks 015,47.77,1,47.77
,,,,50,2,25
 Andy Warhol,Dollar Sign ,Masterworks 071,28,1,28
,,,,25,1,25
 Yayoi Kusama,Pumpkin ,Masterworks 038,25,1,25
,,,,"28,730","1,105",26
 Pierre Soulages,"Peinture 102 x 130 cm, 11 Juin 2007 ",Masterworks 011,"13,320",20,666
,,,,"417,360",470,888
 Agnes Martin,Untitled #12 ,Masterworks 055,"147,000","1,225",120
 Zao Wou-Ki,15.6.64 ,Masterworks 019,198.50,10,19.85
 Banksy,Monkey Poison ,Masterworks 015,975,30,32.50
 Yayoi Kusama,Pumpkin ,Masterworks 038,612,17,36
 Carmen Herrera,Green and Orange ,Masterworks 046,"1,376",43,32
 Banksy,Monkey Poison ,Masterworks 015,50,1,50
 Andy Warhol,Dollar Sign ,Masterworks 071,324,9,36
 Sam Gilliam,Reaching ,Masterworks 051,30,1,30
 Jean-Michel Basquiat,Untitled (Bracco di Ferro) ,Masterworks 036,"2,875",125,23
 Zao Wou-Ki,15.6.64 ,Masterworks 019,200,10,20
 Gerhard Richter,Ziege ,Masterworks 041,102.50,5,20.50
 Zao Wou-Ki,15.6.64 ,Masterworks 019,513.75,25,20.55
 Andy Warhol,1 Colored Marilyn (Reversal Series) ,Masterworks 001,524.75,25,20.99
 Zao Wou-Ki,15.6.64 ,Masterworks 019,310.50,15,20.70
 Gunther Forg,Untitled ,Masterworks 009,373.50,15,24.90
 Albert Oehlen,Stillebin mit Ingwertopf (Still Life with Ginger Pot) ,Masterworks 052,"8,750",250,35
 Christopher Wool,Untitled ,Masterworks 053,"7,500",250,30
 Alex Katz,Maxine ,Masterworks 005,"1,050",50,21
 Barkley L. Hendricks,Selina/Star ,Masterworks 026,315,10,31.50
 Andy Warhol,Little Electric Chair ,Masterworks 017,20.49,1,20.49
 Banksy,Monkey Poison ,Masterworks 015,40,1,40
 Yayoi Kusama,Pumpkin ,Masterworks 038,25,1,25
 Alex Katz,Maxine ,Masterworks 005,499.75,25,19.99
 Alex Katz,Maxine ,Masterworks 005,999.50,50,19.99
 Banksy,Monkey Poison ,Masterworks 015,"3,250",100,32.50
,,,,"1,365",65,21
 George Condo,Gargantua ,Masterworks 025,858,33,26
 Gunther Forg,Untitled ,Masterworks 009,750,30,25
,,,,420,20,21
 George Condo,The Age of Reason ,Masterworks 029,220,10,22
 Cecily Brown,There is a Land of Pure Delight ,Masterworks 028,280,10,28
 Kaws,Companion (Detail of Crowd Shot) ,Masterworks 013,102.50,5,20.50
 Adrian Ghenie,Lidless Eyes ,Masterworks 040,25,1,25
 Sam Gilliam,Reaching ,Masterworks 051,40,1,40
 Zao Wou-Ki,15.6.64 ,Masterworks 019,140,5,28
 Andy Warhol,Little Electric Chair ,Masterworks 017,210,10,21
 Jean-Michel Basquiat,The Mosque ,Masterworks 006,147,7,21
 Sam Gilliam,Through ,Masterworks 057,39,1,39
 Sam Gilliam,Through ,Masterworks 057,175,5,35
 Sam Gilliam,Through ,Masterworks 057,39.20,1,39.20
 Sam Gilliam,Through ,Masterworks 057,39.40,1,39.40
 Sam Gilliam,Through ,Masterworks 057,39.40,1,39.40
 Sam Gilliam,Through ,Masterworks 057,39.60,1,39.60
 Sam Gilliam,Through ,Masterworks 057,39.60,1,39.60
 Pierre Soulages,"Peinture 102 x 130 cm, 11 Juin 2007 ",Masterworks 011,105,5,21
 Sam Gilliam,Through ,Masterworks 057,39.80,1,39.80
 Sam Gilliam,Through ,Masterworks 057,39.80,1,39.80
 Sam Gilliam,Through ,Masterworks 057,40,1,40
 Sam Gilliam,Through ,Masterworks 057,40,1,40
 Joan Mitchell,Rhubarb ,Masterworks 014,550,25,22
 Andy Warhol,1 Colored Marilyn (Reversal Series) ,Masterworks 001,120,5,24
 Keith Haring,Untitled ,Masterworks 037,860,43,20
 Jean-Michel Basquiat,Untitled (Bracco di Ferro) ,Masterworks 036,550,25,22
 Alex Katz,Grey Ribbon ,Masterworks 035,500,25,20
 Chu Teh-Chun,Printemps Hivernal  ,Masterworks 049,40,1,40
 Chu Teh-Chun,Printemps Hivernal  ,Masterworks 049,150,5,30
 Chu Teh-Chun,Printemps Hivernal  ,Masterworks 049,42,1,42
 Jean-Michel Basquiat,Untitled (Bracco di Ferro) ,Masterworks 036,"2,956.50",135,21.90
 Carmen Herrera,Green and Orange ,Masterworks 046,25,1,25
 Yayoi Kusama,Pumpkin ,Masterworks 038,30,1,30
 Andy Warhol,1 Colored Marilyn (Reversal Series) ,Masterworks 001,214.50,10,21.45
 Andy Warhol,Dollar Sign ,Masterworks 071,140,5,28
 Jean-Michel Basquiat,The Mosque ,Masterworks 006,104.25,5,20.85
 Andy Warhol,Little Electric Chair ,Masterworks 017,102.20,5,20.44
,,,,"3,125",125,25
 Banksy,Monkey Poison ,Masterworks 015,245,5,49
 Yayoi Kusama,Pumpkin ,Masterworks 038,24,1,24
 Carmen Herrera,Green and Orange ,Masterworks 046,24,1,24
 Zao Wou-Ki,15.6.64 ,Masterworks 019,25,1,25
 Andy Warhol,Dollar Sign ,Masterworks 071,"12,500",500,25
 Gunther Uecker,Weisses Feld ,Masterworks 031,"11,500",500,23
 Jean-Michel Basquiat,Loin ,Masterworks 030,"11,500",500,23
 Agnes Martin,Untitled #1 ,Masterworks 021,"11,500",500,23
 Zao Wou-Ki,15.6.64 ,Masterworks 019,103.75,5,20.75
 Pierre Soulages,"Peinture 102 x 130 cm, 11 Juin 2007 ",Masterworks 011,105.50,5,21.10
 Jonas Wood,Hammer 5 ,Masterworks 004,622.50,30,20.75
 Kaws,Companion (Detail of Crowd Shot) ,Masterworks 013,39,1,39
 Kaws,Companion (Detail of Crowd Shot) ,Masterworks 013,150,5,30
 Kaws,Companion (Detail of Crowd Shot) ,Masterworks 013,40,1,40
 Carmen Herrera,Green and Orange ,Masterworks 046,40,1,40
 Carmen Herrera,Green and Orange ,Masterworks 046,150,5,30
 Carmen Herrera,Green and Orange ,Masterworks 046,80,2,40
 Carmen Herrera,Green and Orange ,Masterworks 046,80,2,40
 George Condo,Listening to Voices ,Masterworks 047,40,1,40
 George Condo,Listening to Voices ,Masterworks 047,135,5,27
 George Condo,Listening to Voices ,Masterworks 047,40,1,40
 George Condo,Listening to Voices ,Masterworks 047,40,1,40
 George Condo,Listening to Voices ,Masterworks 047,40,1,40
 George Condo,Listening to Voices ,Masterworks 047,40,1,40
 Joan Mitchell,Rhubarb ,Masterworks 014,42,1,42
 Joan Mitchell,Rhubarb ,Masterworks 014,150,5,30
 Joan Mitchell,Rhubarb ,Masterworks 014,42,1,42
 Joan Mitchell,Rhubarb ,Masterworks 014,42,1,42
 Joan Mitchell,Rhubarb ,Masterworks 014,43,1,43
 Joan Mitchell,Rhubarb ,Masterworks 014,80,2,40
 Joan Mitchell,Rhubarb ,Masterworks 014,80,2,40
 Kaws,Companion (Detail of Crowd Shot) ,Masterworks 013,135,5,27
 Yayoi Kusama,Pumpkin ,Masterworks 038,25,1,25
 Gunther Uecker,Weisses Feld ,Masterworks 031,333,15,22.20
 Keith Haring,Untitled ,Masterworks 018,130,5,26
 Alex Katz,Grey Ribbon ,Masterworks 035,270,10,27
 Jean-Michel Basquiat,Dark Milk ,Masterworks 042,135,5,27
 Keith Haring,Untitled ,Masterworks 043,135,5,27
 Jean-Michel Basquiat,Mississippi ,Masterworks 044,130,5,26
 Jean-Michel Basquiat,Mississippi ,Masterworks 044,180,5,36
 George Condo,Listening to Voices ,Masterworks 047,225,5,45
 Keith Haring,Untitled ,Masterworks 037,200,5,40
 Jean-Michel Basquiat,Untitled (Bracco di Ferro) ,Masterworks 036,220,5,44
 Alex Katz,Grey Ribbon ,Masterworks 035,290,10,29
 Joan Mitchell,Rhubarb ,Masterworks 014,"1,099.50",50,21.99
 George Condo,The Age of Reason ,Masterworks 029,230,5,46
 Andy Warhol,Dollar Sign ,Masterworks 071,30,1,30
 Gunther Forg,Untitled ,Masterworks 009,"1,499.50",50,29.99
 Cecily Brown,There is a Land of Pure Delight ,Masterworks 028,220,5,44
 Kaws,Companion (Detail of Crowd Shot) ,Masterworks 013,900,25,36
 Kaws,Far Away Friends ,Masterworks 008,200,5,40
 Cecily Brown,Girl Trouble ,Masterworks 007,230,5,46
 Claude Monet,Coup de vent ,Masterworks 002,450,10,45
 Andy Warhol,1 Colored Marilyn (Reversal Series) ,Masterworks 001,"1,350",30,45
 Keith Haring,Untitled ,Masterworks 037,"2,998.75",125,23.99
 Jean-Michel Basquiat,Loin ,Masterworks 030,650.50,25,26.02
 Claude Monet,Coup de vent ,Masterworks 002,"1,140",50,22.80
 Jean-Michel Basquiat,Mississippi ,Masterworks 044,42,1,42
 Jean-Michel Basquiat,Mississippi ,Masterworks 044,150,5,30
 Jean-Michel Basquiat,Mississippi ,Masterworks 044,78,2,39
 Jean-Michel Basquiat,Mississippi ,Masterworks 044,80,2,40
 Yayoi Kusama,Infinity Nets ,Masterworks 063,112.25,5,22.45
 Yayoi Kusama,Infinity Nets ,Masterworks 063,224.50,10,22.45
 Jean-Michel Basquiat,The Mosque ,Masterworks 006,44,1,44
 Yayoi Kusama,Untitled ,Masterworks 056,"2,060",103,20
 Claude Monet,Coup de vent ,Masterworks 002,228,10,22.80
 Carmen Herrera,Green and Orange ,Masterworks 046,24.50,1,24.50
 Carmen Herrera,Green and Orange ,Masterworks 046,25,1,25
 Claude Monet,Coup de vent ,Masterworks 002,114.25,5,22.85
 Andy Warhol,1 Colored Marilyn (Reversal Series) ,Masterworks 001,216,9,24
 Christopher Wool,Untitled ,Masterworks 053,60,2,30
 Keith Haring,Untitled ,Masterworks 037,"4,020",200,20.10
 Andy Warhol,1 Colored Marilyn (Reversal Series) ,Masterworks 001,"4,280",200,21.40
 Alex Katz,Maxine ,Masterworks 005,"4,140",200,20.70
 Jean-Michel Basquiat,The Mosque ,Masterworks 006,"4,090",200,20.45
 Zao Wou-Ki,15.6.64 ,Masterworks 019,335.20,16,20.95
 Alex Katz,Grey Ribbon ,Masterworks 035,334.40,16,20.90
 Jonas Wood,Hammer 5 ,Masterworks 004,615,30,20.50
 Yayoi Kusama,Untitled ,Masterworks 056,102.95,5,20.59
 Sam Gilliam,Tracing ,Masterworks 010,"1,680",70,24
 Andy Warhol,Little Electric Chair ,Masterworks 017,102.50,5,20.50
 Jean-Michel Basquiat,The Mosque ,Masterworks 006,286,13,22
 Chu Teh-Chun,Printemps Hivernal  ,Masterworks 049,199,10,19.90
 Andy Warhol,Dollar Sign ,Masterworks 071,486,18,27
 Andy Warhol,1 Colored Marilyn (Reversal Series) ,Masterworks 001,107.25,5,21.45
 Andy Warhol,1 Colored Marilyn (Reversal Series) ,Masterworks 001,536.25,25,21.45
 Andy Warhol,1 Colored Marilyn (Reversal Series) ,Masterworks 001,"1,072.50",50,21.45
 Claude Monet,Coup de vent ,Masterworks 002,570,25,22.80
 Alex Katz,Grey Ribbon ,Masterworks 035,26,1,26
 Sam Gilliam,Reaching ,Masterworks 051,"1,450",50,29
 Yayoi Kusama,Untitled ,Masterworks 056,149.95,5,29.99
 Carmen Herrera,Green and Orange ,Masterworks 046,115,5,23
 Claude Monet,Coup de vent ,Masterworks 002,120,5,24
 Andy Warhol,1 Colored Marilyn (Reversal Series) ,Masterworks 001,118.75,5,23.75
 Jean-Michel Basquiat,Untitled (Bracco di Ferro) ,Masterworks 036,575,25,23
 Gunther Forg,Untitled ,Masterworks 009,672.50,25,26.90
 Claude Monet,Coup de vent ,Masterworks 002,115,5,23
 Chu Teh-Chun,Atmosphere Hivernale ,Masterworks 060,109.95,5,21.99
 Agnes Martin,Untitled #12 ,Masterworks 055,104.90,5,20.98
 George Condo,The Age of Reason ,Masterworks 029,"2,240",100,22.40
 Joan Mitchell,Rhubarb ,Masterworks 014,219.50,10,21.95
 Joan Mitchell,Rhubarb ,Masterworks 014,109.75,5,21.95
 Joan Mitchell,Rhubarb ,Masterworks 014,109.75,5,21.95
 Kaws,Far Away Friends ,Masterworks 008,27.75,1,27.75
 Sam Gilliam,Through ,Masterworks 057,"1,000",40,25
 Gunther Forg,Untitled ,Masterworks 020,124.75,5,24.95
 Andy Warhol,Little Electric Chair ,Masterworks 017,"2,000",100,20
 Kaws,Companion (Detail of Crowd Shot) ,Masterworks 013,780,39,20
 Banksy,Monkey Poison ,Masterworks 015,"9,900",300,33
 Alex Katz,Maxine ,Masterworks 005,180,5,36
 Jean-Michel Basquiat,Untitled (Bracco di Ferro) ,Masterworks 036,198,9,22
 Jean-Michel Basquiat,Dark Milk ,Masterworks 042,420,20,21
 Jean-Michel Basquiat,The Mosque ,Masterworks 006,169.95,5,33.99
 Claude Monet,Coup de vent ,Masterworks 002,122.80,5,24.56
 Christopher Wool,Untitled (S77) ,Masterworks 034,502.50,25,20.10
 Adrian Ghenie,Lidless Eyes ,Masterworks 040,495,25,19.80
 Joan Mitchell,Rhubarb ,Masterworks 014,125,5,25
 Kaws,Companion (Detail of Crowd Shot) ,Masterworks 013,100.90,5,20.18
 Andy Warhol,Dollar Sign ,Masterworks 071,29,1,29
 Kazuo Shiraga,Kosha ,Masterworks 050,109.95,5,21.99
 Cecily Brown,Lured ,Masterworks 022,134.95,5,26.99
 Gunther Uecker,Weisses Feld ,Masterworks 031,291.20,13,22.40
 Carmen Herrera,Green and Orange ,Masterworks 046,118.70,5,23.74
 Agnes Martin,Untitled #1 ,Masterworks 021,111.45,5,22.29
 Yayoi Kusama,Infinity Nets ,Masterworks 063,114.90,5,22.98
 Gunther Uecker,Weisses Feld ,Masterworks 031,135,6,22.50
 Keith Haring,Untitled ,Masterworks 018,550,25,22
 Jean-Michel Basquiat,Untitled (Bracco di Ferro) ,Masterworks 036,575,25,23
 Carmen Herrera,Green and Orange ,Masterworks 046,625,25,25
 Gunther Forg,Untitled ,Masterworks 009,662.50,25,26.50
 Albert Oehlen,Stillebin mit Ingwertopf (Still Life with Ginger Pot) ,Masterworks 052,"8,250",375,22
 Jean-Michel Basquiat,Untitled (Bracco di Ferro) ,Masterworks 036,"1,500",50,30
 Andy Warhol,Little Electric Chair ,Masterworks 017,109.95,5,21.99
 Jean-Michel Basquiat,Dark Milk ,Masterworks 042,"1,100",50,22
 Yayoi Kusama,Infinity Nets ,Masterworks 063,115,5,23
 Mark Bradford,Value 47 ,Masterworks 039,110,5,22
 Carmen Herrera,Green and Orange ,Masterworks 046,237.50,10,23.75
 Chu Teh-Chun,Printemps Hivernal  ,Masterworks 049,"4,900",245,20
 Keith Haring,Untitled ,Masterworks 018,"1,500",50,30
 Gunther Forg,Untitled ,Masterworks 009,"2,945",95,31
 Cecily Brown,Lured ,Masterworks 022,27.39,1,27.39
 Cecily Brown,Lured ,Masterworks 022,27.39,1,27.39
 Banksy,Monkey Poison ,Masterworks 015,46.66,1,46.66
 Adrian Ghenie,Lidless Eyes ,Masterworks 040,103.75,5,20.75
 Kaws,Companion (Detail of Crowd Shot) ,Masterworks 013,100.90,5,20.18
 Kaws,Companion (Detail of Crowd Shot) ,Masterworks 013,100.90,5,20.18
 Agnes Martin,Untitled #12 ,Masterworks 055,"1,050",50,21
 Agnes Martin,Untitled #12 ,Masterworks 055,"2,200",100,22
 Agnes Martin,Untitled #12 ,Masterworks 055,307.50,15,20.50
 Jonas Wood,Hammer 5 ,Masterworks 004,27,1,27
 Agnes Martin,Untitled #1 ,Masterworks 021,223,10,22.30
 Keith Haring,Untitled ,Masterworks 037,40.26,2,20.13
 Carmen Herrera,Green and Orange ,Masterworks 046,118.75,5,23.75
 Cecily Brown,Lured ,Masterworks 022,405,15,27
 Kaws,Companion (Detail of Crowd Shot) ,Masterworks 013,337.50,15,22.50
 Kaws,Companion (Detail of Crowd Shot) ,Masterworks 013,101.80,5,20.36
 Kaws,Companion (Detail of Crowd Shot) ,Masterworks 013,100.90,5,20.18
 Kaws,Companion (Detail of Crowd Shot) ,Masterworks 013,100.90,5,20.18
 Carmen Herrera,Green and Orange ,Masterworks 046,245,10,24.50
 Carmen Herrera,Green and Orange ,Masterworks 046,120,5,24
 Jean-Michel Basquiat,The Mosque ,Masterworks 006,150,5,30
 Andy Warhol,1 Colored Marilyn (Reversal Series) ,Masterworks 001,754.25,35,21.55
 Jean-Michel Basquiat,Dark Milk ,Masterworks 042,"6,250",125,50
 Claude Monet,Coup de vent ,Masterworks 002,"12,500",250,50
 Carmen Herrera,Green and Orange ,Masterworks 046,"15,000",375,40
 Jean-Michel Basquiat,Dark Milk ,Masterworks 042,200,5,40
 Jean-Michel Basquiat,Loin ,Masterworks 030,200,5,40
 Gunther Forg,Untitled ,Masterworks 048,200,5,40
 Chu Teh-Chun,Printemps Hivernal  ,Masterworks 049,200,5,40
 Sam Gilliam,Reaching ,Masterworks 051,200,5,40
 Sam Gilliam,Through ,Masterworks 057,200,5,40
 Chu Teh-Chun,Atmosphere Hivernale ,Masterworks 060,200,5,40
 Andy Warhol,Dollar Sign ,Masterworks 071,200,5,40
 Zao Wou-Ki,15.6.64 ,Masterworks 019,200,5,40
 Keith Haring,Untitled ,Masterworks 018,200,5,40
 Andy Warhol,Little Electric Chair ,Masterworks 017,200,5,40
 Joan Mitchell,Rhubarb ,Masterworks 014,200,5,40
 Kaws,Companion (Detail of Crowd Shot) ,Masterworks 013,200,5,40
 Pierre Soulages,"Peinture 102 x 130 cm, 11 Juin 2007 ",Masterworks 011,200,5,40
 Pierre Soulages,"Peinture 102 x 130 cm, 11 Juin 2007 ",Masterworks 011,200,5,40
 Jean-Michel Basquiat,The Mosque ,Masterworks 006,200,5,40
 Jonas Wood,Hammer 5 ,Masterworks 004,200,5,40
 Claude Monet,Coup de vent ,Masterworks 002,200,5,40
 Andy Warhol,1 Colored Marilyn (Reversal Series) ,Masterworks 001,200,5,40
 Carmen Herrera,Green and Orange ,Masterworks 046,175,5,35
 Carmen Herrera,Green and Orange ,Masterworks 046,225,5,45
 Carmen Herrera,Green and Orange ,Masterworks 046,200,5,40
 Jean-Michel Basquiat,Dark Milk ,Masterworks 042,"2,900",145,20
 Keith Haring,Untitled ,Masterworks 018,525,25,21
 Jean-Michel Basquiat,The Mosque ,Masterworks 006,512.50,25,20.50
 Jean-Michel Basquiat,Dark Milk ,Masterworks 042,930,31,30
 Kaws,Companion (Detail of Crowd Shot) ,Masterworks 013,"3,908.30",187,20.90
 Jonas Wood,Hammer 5 ,Masterworks 004,"4,725",225,21
 Jean-Michel Basquiat,Dark Milk ,Masterworks 042,"5,497.50",250,21.99
 Banksy,Monkey Poison ,Masterworks 015,234,6,39
 Keith Haring,Untitled ,Masterworks 037,"2,050",100,20.50
 Joan Mitchell,Rhubarb ,Masterworks 014,"54,000","2,400",22.50
 Jonas Wood,Hammer 5 ,Masterworks 004,27,1,27
 Jean-Michel Basquiat,The Mosque ,Masterworks 006,"2,415",115,21
 Gunther Forg,Untitled ,Masterworks 009,812,28,29
 Agnes Martin,Untitled #12 ,Masterworks 055,105,5,21
 Agnes Martin,Untitled #12 ,Masterworks 055,210,10,21
 Andy Warhol,Little Electric Chair ,Masterworks 017,102.25,5,20.45
 Yayoi Kusama,Untitled ,Masterworks 056,134.95,5,26.99
 George Condo,Gargantua ,Masterworks 025,382.50,15,25.50
 Gunther Uecker,Weisses Feld ,Masterworks 031,232.50,10,23.25
 Kazuo Shiraga,Kosha ,Masterworks 050,439.80,20,21.99
 Kazuo Shiraga,Kosha ,Masterworks 050,219.90,10,21.99
 Kazuo Shiraga,Kosha ,Masterworks 050,109.95,5,21.99
 Joan Mitchell,Rhubarb ,Masterworks 014,230,10,23
 Adrian Ghenie,Antelope Attacked Near Gas Pipe ,Masterworks 066,419.80,20,20.99
 Yayoi Kusama,Infinity Nets ,Masterworks 063,119.90,5,23.98
 Andy Warhol,1 Colored Marilyn (Reversal Series) ,Masterworks 001,109.25,5,21.85
 Sam Gilliam,Reaching ,Masterworks 051,"2,250",75,30
 Jean-Michel Basquiat,The Mosque ,Masterworks 006,"10,500",500,21
 Sam Gilliam,Reaching ,Masterworks 051,197.50,5,39.50
 Sam Gilliam,Reaching ,Masterworks 051,195,5,39
 Sam Gilliam,Reaching ,Masterworks 051,192.50,5,38.50
 Adrian Ghenie,Lidless Eyes ,Masterworks 040,110,5,22
 Gerhard Richter,Ziege ,Masterworks 041,"5,000",200,25
 Yayoi Kusama,Untitled ,Masterworks 056,207.50,10,20.75
 Yayoi Kusama,Untitled ,Masterworks 056,103.75,5,20.75
 George Condo,The Age of Reason ,Masterworks 029,"6,000",250,24
 Jean-Michel Basquiat,Loin ,Masterworks 030,"1,950",75,26
 Jean-Michel Basquiat,Loin ,Masterworks 030,114.40,5,22.88
 Sam Gilliam,Reaching ,Masterworks 051,197.50,5,39.50
 Sam Gilliam,Reaching ,Masterworks 051,195,5,39
 Sam Gilliam,Reaching ,Masterworks 051,192.50,5,38.50
 Adrian Ghenie,Lidless Eyes ,Masterworks 040,110,5,22
 Gerhard Richter,Ziege ,Masterworks 041,"5,000",200,25
 Yayoi Kusama,Untitled ,Masterworks 056,207.50,10,20.75
 Yayoi Kusama,Untitled ,Masterworks 056,103.75,5,20.75
 George Condo,The Age of Reason ,Masterworks 029,"6,000",250,24
 Jean-Michel Basquiat,Loin ,Masterworks 030,"1,950",75,26
 Jean-Michel Basquiat,Loin ,Masterworks 030,114.40,5,22.88
 Gerhard Richter,Ziege ,Masterworks 041,175,5,35
 Chu Teh-Chun,Atmosphere Hivernale ,Masterworks 060,175,5,35
 Andy Warhol,Dollar Sign ,Masterworks 071,175,5,35
 Gerhard Richter,Abstraktes Bild (908-8) ,Masterworks 062,"1,867.50",90,20.75
 Agnes Martin,Untitled #12 ,Masterworks 055,"3,150",150,21
 George Condo,Listening to Voices ,Masterworks 047,225,10,22.50
 Lucio Fontana,"Concetto Spaziale, Attesa ",Masterworks 033,"6,250",250,25
 Keith Haring,Untitled ,Masterworks 037,105,5,21
 Jean-Michel Basquiat,Dark Milk ,Masterworks 042,"35,000","1,000",35
 Adrian Ghenie,Lidless Eyes ,Masterworks 040,"2,500",100,25
 Alex Katz,Grey Ribbon ,Masterworks 035,27,1,27
 Joan Mitchell,Rhubarb ,Masterworks 014,"3,000",125,24
 Andy Warhol,Dollar Sign ,Masterworks 071,165,5,33
 Andy Warhol,Little Electric Chair ,Masterworks 017,"1,000",50,20
 Andy Warhol,Little Electric Chair ,Masterworks 017,"1,000",50,20
 Andy Warhol,Little Electric Chair ,Masterworks 017,"1,000",50,20
 Andy Warhol,Little Electric Chair ,Masterworks 017,"1,000",50,20
 Jean-Michel Basquiat,Mississippi ,Masterworks 044,"3,900",195,20
 Jean-Michel Basquiat,Mississippi ,Masterworks 044,600,30,20
 Keith Haring,Untitled ,Masterworks 043,"11,000",500,22
 Gerhard Richter,Ziege ,Masterworks 041,"11,000",500,22
 Alex Katz,Grey Ribbon ,Masterworks 035,"1,500",50,30
 Andy Warhol,Dollar Sign ,Masterworks 071,370,10,37
 Joan Mitchell,Rhubarb ,Masterworks 014,612.25,25,24.49
 Jean-Michel Basquiat,The Mosque ,Masterworks 006,"1,026",50,20.52
 Agnes Martin,Untitled #12 ,Masterworks 055,44,2,22
 Kaws,Far Away Friends ,Masterworks 008,104.65,5,20.93
 Gunther Forg,Untitled ,Masterworks 048,761.25,35,21.75
 Gunther Forg,Untitled ,Masterworks 048,550,25,22
 Gunther Forg,Untitled ,Masterworks 048,110,5,22
 Gunther Forg,Untitled ,Masterworks 048,220,10,22
 Jean-Michel Basquiat,Dark Milk ,Masterworks 042,"3,000",125,24
 Gerhard Richter,Ziege ,Masterworks 041,"3,000",125,24
 Cecily Brown,Girl Trouble ,Masterworks 007,164.95,5,32.99
 Cecily Brown,Girl Trouble ,Masterworks 007,162.50,5,32.50
 Joan Mitchell,Rhubarb ,Masterworks 014,"1,088.55",45,24.19
 Joan Mitchell,Rhubarb ,Masterworks 014,120.95,5,24.19
 Jean-Michel Basquiat,Untitled (Bracco di Ferro) ,Masterworks 036,431.82,18,23.99
 Jean-Michel Basquiat,Untitled (Bracco di Ferro) ,Masterworks 036,119.95,5,23.99
 Gunther Uecker,Weisses Feld ,Masterworks 031,124.95,5,24.99
 Gunther Uecker,Weisses Feld ,Masterworks 031,118.95,5,23.79
 George Condo,The Age of Reason ,Masterworks 029,"2,006.10",90,22.29
 George Condo,The Age of Reason ,Masterworks 029,112.45,5,22.49
 George Condo,The Age of Reason ,Masterworks 029,111.45,5,22.29
 Alex Katz,Maxine ,Masterworks 005,314.85,15,20.99
 Alex Katz,Maxine ,Masterworks 005,109.95,5,21.99
 Alex Katz,Maxine ,Masterworks 005,104.95,5,20.99
 Pierre Soulages,"Peinture 181 x 91 cm, 7 avril 2007 ",Masterworks 027,104.95,5,20.99
 Pierre Soulages,"Peinture 181 x 91 cm, 7 avril 2007 ",Masterworks 027,104.95,5,20.99
 Alex Katz,Grey Ribbon ,Masterworks 035,130,5,26
 Alex Katz,Grey Ribbon ,Masterworks 035,125,5,25
 Sam Gilliam,Through ,Masterworks 057,150,5,30
 Chu Teh-Chun,Atmosphere Hivernale ,Masterworks 060,150,5,30
 Andy Warhol,Dollar Sign ,Masterworks 071,150,5,30
 Andy Warhol,Dollar Sign ,Masterworks 071,175,5,35
 Chu Teh-Chun,Printemps Hivernal  ,Masterworks 049,625,25,25
 Yayoi Kusama,Untitled ,Masterworks 056,220,10,22
 Kazuo Shiraga,Kosha ,Masterworks 050,330,15,22
 Jonas Wood,Hammer 5 ,Masterworks 004,114.90,5,22.98
 Jonas Wood,Hammer 5 ,Masterworks 004,109.95,5,21.99
 Jonas Wood,Hammer 5 ,Masterworks 004,112.45,5,22.49
 Joan Mitchell,Rhubarb ,Masterworks 014,"1,225",50,24.50
 Jean-Michel Basquiat,Mississippi ,Masterworks 044,"5,000",250,20
 Christopher Wool,Lazy and Stupid ,Masterworks 024,"1,250",50,25
 Jean-Michel Basquiat,The Mosque ,Masterworks 006,"1,537.50",75,20.50
 Gerhard Richter,Abstraktes Bild (908-8) ,Masterworks 062,"1,575",75,21
 Andy Warhol,Little Electric Chair ,Masterworks 017,315,15,21
 George Condo,Listening to Voices ,Masterworks 047,575,25,23
 Sam Gilliam,Reaching ,Masterworks 051,878.70,30,29.29
 Joan Mitchell,Rhubarb ,Masterworks 014,429,13,33
 George Condo,The Age of Reason ,Masterworks 029,"16,000",500,32
 Jean-Michel Basquiat,Mississippi ,Masterworks 044,"2,100",100,21
 Jean-Michel Basquiat,Mississippi ,Masterworks 044,"2,000",100,20
 Alex Katz,Maxine ,Masterworks 005,"2,400",100,24
 Andy Warhol,Little Electric Chair ,Masterworks 017,28.02,1,28.02
 Pierre Soulages,"Peinture 102 x 130 cm, 11 Juin 2007 ",Masterworks 011,165,5,33
 Alex Katz,Grey Ribbon ,Masterworks 035,110,5,22
 Jean-Michel Basquiat,Dark Milk ,Masterworks 042,"1,575",75,21
 Gerhard Richter,Ziege ,Masterworks 041,"2,100",100,21
 Pierre Soulages,"Peinture 181 x 91 cm, 7 avril 2007 ",Masterworks 027,"2,562.50",125,20.50
 Kaws,Far Away Friends ,Masterworks 008,"2,320",100,23.20
 Agnes Martin,Untitled #1 ,Masterworks 021,230,10,23
 Jean-Michel Basquiat,Loin ,Masterworks 030,"1,150",50,23
 Christopher Wool,Lazy and Stupid ,Masterworks 024,"1,100",50,22
 Kaws,Far Away Friends ,Masterworks 008,"1,150",50,23
 Yayoi Kusama,Untitled ,Masterworks 056,"2,100",100,21
 Yayoi Kusama,Infinity Nets ,Masterworks 063,124.95,5,24.99
 Yayoi Kusama,Infinity Nets ,Masterworks 063,115,5,23
 Jean-Michel Basquiat,Loin ,Masterworks 030,"7,500",250,30
 Agnes Martin,Untitled #12 ,Masterworks 055,"2,250",50,45
 Keith Haring,Untitled ,Masterworks 037,"12,000",500,24
 Kaws,Far Away Friends ,Masterworks 008,"5,250",21,250
 Chu Teh-Chun,Atmosphere Hivernale ,Masterworks 060,225,5,45
 Sam Gilliam,Reaching ,Masterworks 051,210,5,42
 Sam Gilliam,Reaching ,Masterworks 051,235,5,47
 Sam Gilliam,Reaching ,Masterworks 051,250,5,50
 Jean-Michel Basquiat,Loin ,Masterworks 030,"1,300",50,26
 Albert Oehlen,Stillebin mit Ingwertopf (Still Life with Ginger Pot) ,Masterworks 052,"1,300",50,26
 Christopher Wool,Untitled ,Masterworks 053,"1,300",50,26
 Kazuo Shiraga,Kosha ,Masterworks 050,"1,300",50,26
 Jean-Michel Basquiat,Mississippi ,Masterworks 044,"1,300",50,26
 Gerhard Richter,Ziege ,Masterworks 041,"1,300",50,26
 Mark Bradford,Value 47 ,Masterworks 039,"1,300",50,26
 Jean-Michel Basquiat,Loin ,Masterworks 030,"12,500",500,25
 Albert Oehlen,Stillebin mit Ingwertopf (Still Life with Ginger Pot) ,Masterworks 052,111.25,5,22.25
 Sam Gilliam,Through ,Masterworks 057,117.45,5,23.49
 Pierre Soulages,"Peinture 181 x 91 cm, 7 avril 2007 ",Masterworks 027,"3,892",28,139
 Sam Gilliam,Reaching ,Masterworks 051,903,7,129
 George Condo,The Age of Reason ,Masterworks 029,575,25,23
 Jonas Wood,Hammer 5 ,Masterworks 004,"2,937.50",125,23.50
 Carmen Herrera,Green and Orange ,Masterworks 046,119.95,5,23.99
 Gerhard Richter,Abstraktes Bild (908-8) ,Masterworks 062,109.95,5,21.99
 Yayoi Kusama,Infinity Nets ,Masterworks 063,119.95,5,23.99
 Agnes Martin,Untitled #1 ,Masterworks 021,112.45,5,22.49
 Andy Warhol,Little Electric Chair ,Masterworks 017,"1,050",50,21
 Jean-Michel Basquiat,The Mosque ,Masterworks 006,125,5,25
 Jean-Michel Basquiat,The Mosque ,Masterworks 006,"1,500",50,30
 Kazuo Shiraga,Kosha ,Masterworks 050,220,10,22
 Yayoi Kusama,Untitled ,Masterworks 056,220,10,22
 Keith Haring,Untitled ,Masterworks 037,105,5,21
 Gunther Uecker,Weisses Feld ,Masterworks 031,"1,000",40,25
 Agnes Martin,Untitled #1 ,Masterworks 021,808.50,33,24.50
 Joan Mitchell,Rhubarb ,Masterworks 014,600,25,24
 Jean-Michel Basquiat,Loin ,Masterworks 030,"2,500",100,25
 Claude Monet,Coup de vent ,Masterworks 002,200,5,40
 Kaws,Far Away Friends ,Masterworks 008,200,5,40
 Pierre Soulages,"Peinture 181 x 91 cm, 7 avril 2007 ",Masterworks 027,200,5,40
 Gerhard Richter,Ziege ,Masterworks 041,240,6,40
 Cecily Brown,Girl Trouble ,Masterworks 007,884,26,34
 Chu Teh-Chun,Printemps Hivernal  ,Masterworks 049,125,5,25
 Christopher Wool,Untitled ,Masterworks 053,230,10,23
 Jean-Michel Basquiat,Dark Milk ,Masterworks 042,230,10,23
 George Condo,Listening to Voices ,Masterworks 047,"15,000",500,30
 Agnes Martin,Untitled #12 ,Masterworks 055,635.19,31,20.49
 Yayoi Kusama,Infinity Nets ,Masterworks 063,"1,250",50,25
 Andy Warhol,Little Electric Chair ,Masterworks 017,625,25,25
 Gerhard Richter,Abstraktes Bild (908-8) ,Masterworks 062,"1,250",50,25
 Kazuo Shiraga,Kosha ,Masterworks 050,"1,250",50,25
 Chu Teh-Chun,Printemps Hivernal  ,Masterworks 049,"1,250",50,25
 Keith Haring,Untitled ,Masterworks 043,"1,250",50,25
 Gerhard Richter,Ziege ,Masterworks 041,"1,250",50,25
 Jean-Michel Basquiat,Mississippi ,Masterworks 044,"1,250",50,25
 Claude Monet,Coup de vent ,Masterworks 002,667.50,25,26.70
 Keith Haring,Untitled ,Masterworks 018,525,15,35
 Agnes Martin,Untitled #1 ,Masterworks 021,750,25,30
 Jean-Michel Basquiat,Dark Milk ,Masterworks 042,"1,250",50,25
 Jean-Michel Basquiat,Loin ,Masterworks 030,117.45,5,23.49
 Cecily Brown,There is a Land of Pure Delight ,Masterworks 028,"1,040",40,26
 Carmen Herrera,Green and Orange ,Masterworks 046,927.50,35,26.50
 Sam Gilliam,Tracing ,Masterworks 010,160,5,32
 Gerhard Richter,Ziege ,Masterworks 041,"2,400",100,24
 Joan Mitchell,Rhubarb ,Masterworks 014,"1,250",50,25
 Gerhard Richter,Ziege ,Masterworks 041,684,30,22.80
 Jean-Michel Basquiat,Dark Milk ,Masterworks 042,"15,000",500,30
 Agnes Martin,Untitled #12 ,Masterworks 055,"1,649.25",75,21.99
 Agnes Martin,Untitled #12 ,Masterworks 055,888.80,40,22.22
 Agnes Martin,Untitled #12 ,Masterworks 055,"1,574.25",75,20.99
 Keith Haring,Untitled ,Masterworks 043,110,5,22
 Jean-Michel Basquiat,Untitled (Bracco di Ferro) ,Masterworks 036,"2,500",100,25
 Adrian Ghenie,Antelope Attacked Near Gas Pipe ,Masterworks 066,999.50,50,19.99
 Adrian Ghenie,Antelope Attacked Near Gas Pipe ,Masterworks 066,559.72,28,19.99
 Adrian Ghenie,Antelope Attacked Near Gas Pipe ,Masterworks 066,199.90,10,19.99
 Jean-Michel Basquiat,Untitled (Bracco di Ferro) ,Masterworks 036,"1,725",50,34.50
 Kaws,Companion (Detail of Crowd Shot) ,Masterworks 013,537.50,25,21.50
 Jean-Michel Basquiat,The Mosque ,Masterworks 006,525,25,21
 Albert Oehlen,Stillebin mit Ingwertopf (Still Life with Ginger Pot) ,Masterworks 052,110,5,22
 Gerhard Richter,Abstraktes Bild (908-8) ,Masterworks 062,330,15,22
 Kaws,Companion (Detail of Crowd Shot) ,Masterworks 013,101.95,5,20.39
 Adrian Ghenie,Lidless Eyes ,Masterworks 040,110,5,22
 George Condo,Listening to Voices ,Masterworks 047,"1,300",50,26
 Gerhard Richter,Ziege ,Masterworks 041,"2,400",100,24
 Jean-Michel Basquiat,Dark Milk ,Masterworks 042,"2,400",100,24
 Jean-Michel Basquiat,Untitled (Bracco di Ferro) ,Masterworks 036,"12,000",500,24
 Kaws,Far Away Friends ,Masterworks 008,125,5,25
 Andy Warhol,Little Electric Chair ,Masterworks 017,"1,500",50,30
 Pierre Soulages,"Peinture 102 x 130 cm, 11 Juin 2007 ",Masterworks 011,"1,400",50,28
 Carmen Herrera,Green and Orange ,Masterworks 046,"1,300",50,26
 Adrian Ghenie,Antelope Attacked Near Gas Pipe ,Masterworks 066,210,10,21
 Albert Oehlen,Stillebin mit Ingwertopf (Still Life with Ginger Pot) ,Masterworks 052,113.75,5,22.75
 Albert Oehlen,Stillebin mit Ingwertopf (Still Life with Ginger Pot) ,Masterworks 052,112.50,5,22.50
 Joan Mitchell,Rhubarb ,Masterworks 014,175,5,35
 Chu Teh-Chun,Printemps Hivernal  ,Masterworks 049,460,20,23
 Chu Teh-Chun,Printemps Hivernal  ,Masterworks 049,625,25,25
 Chu Teh-Chun,Printemps Hivernal  ,Masterworks 049,562.50,25,22.50
 Yayoi Kusama,Infinity Nets ,Masterworks 063,125,5,25
 Jean-Michel Basquiat,Dark Milk ,Masterworks 042,117.50,5,23.50
 Adrian Ghenie,Lidless Eyes ,Masterworks 040,240,10,24
 Gunther Uecker,Weisses Feld ,Masterworks 031,235,10,23.50
 Adrian Ghenie,Antelope Attacked Near Gas Pipe ,Masterworks 066,434,20,21.70
 Adrian Ghenie,Antelope Attacked Near Gas Pipe ,Masterworks 066,574.75,25,22.99
 Gerhard Richter,Abstraktes Bild (908-8) ,Masterworks 062,674.75,25,26.99
 Adrian Ghenie,Antelope Attacked Near Gas Pipe ,Masterworks 066,810,30,27
 Adrian Ghenie,Antelope Attacked Near Gas Pipe ,Masterworks 066,320.85,15,21.39
 Adrian Ghenie,Antelope Attacked Near Gas Pipe ,Masterworks 066,735,35,21
 Gerhard Richter,Abstraktes Bild (908-8) ,Masterworks 062,352.35,15,23.49
 Gerhard Richter,Abstraktes Bild (908-8) ,Masterworks 062,112.45,5,22.49
 Christopher Wool,Untitled ,Masterworks 053,135,5,27
 Christopher Wool,Untitled ,Masterworks 053,115,5,23
 Agnes Martin,Untitled #1 ,Masterworks 021,455,20,22.75
 Adrian Ghenie,Antelope Attacked Near Gas Pipe ,Masterworks 066,550,25,22
 Adrian Ghenie,Antelope Attacked Near Gas Pipe ,Masterworks 066,235,10,23.50
 Yayoi Kusama,Infinity Nets ,Masterworks 063,250,10,25
 Gerhard Richter,Abstraktes Bild (908-8) ,Masterworks 062,235,10,23.50
 Albert Oehlen,Stillebin mit Ingwertopf (Still Life with Ginger Pot) ,Masterworks 052,255,10,25.50
 Christopher Wool,Untitled ,Masterworks 053,225,10,22.50
 Christopher Wool,Untitled ,Masterworks 053,550,25,22
 Albert Oehlen,Stillebin mit Ingwertopf (Still Life with Ginger Pot) ,Masterworks 052,"6,875",250,27.50
 Kaws,Far Away Friends ,Masterworks 008,103.95,5,20.79
 Kaws,Far Away Friends ,Masterworks 008,104.90,5,20.98
 Kaws,Far Away Friends ,Masterworks 008,104.75,5,20.95
 Kaws,Far Away Friends ,Masterworks 008,104.45,5,20.89
 Banksy,Monkey Poison ,Masterworks 015,875,25,35
 Adrian Ghenie,Lidless Eyes ,Masterworks 040,"4,938",200,24.69
 Banksy,Monkey Poison ,Masterworks 015,46.66,1,46.66
 Banksy,Monkey Poison ,Masterworks 015,46.66,1,46.66
 Banksy,Monkey Poison ,Masterworks 015,46.66,1,46.66
 Banksy,Monkey Poison ,Masterworks 015,46.66,1,46.66
 Banksy,Monkey Poison ,Masterworks 015,46.66,1,46.66
 Banksy,Monkey Poison ,Masterworks 015,47.77,1,47.77
 Jean-Michel Basquiat,Dark Milk ,Masterworks 042,110,5,22
 Zao Wou-Ki,15.6.64 ,Masterworks 019,337.50,15,22.50
 Cecily Brown,There is a Land of Pure Delight ,Masterworks 028,140.75,5,28.15
 Andy Warhol,Little Electric Chair ,Masterworks 017,84,2,42
 Joan Mitchell,Rhubarb ,Masterworks 014,88,2,44
 Keith Haring,Untitled ,Masterworks 018,"3,900",195,20
 Keith Haring,Untitled ,Masterworks 018,"5,500",250,22
 Barkley L. Hendricks,Selina/Star ,Masterworks 026,"3,450",100,34.50
 Andy Warhol,Little Electric Chair ,Masterworks 017,86,2,43
 Adrian Ghenie,Lidless Eyes ,Masterworks 040,110,5,22
 Alex Katz,Grey Ribbon ,Masterworks 035,110,5,22
 Zao Wou-Ki,15.6.64 ,Masterworks 019,337.50,15,22.50
 Cecily Brown,There is a Land of Pure Delight ,Masterworks 028,140.75,5,28.15
 Andy Warhol,Little Electric Chair ,Masterworks 017,84,2,42
 Joan Mitchell,Rhubarb ,Masterworks 014,88,2,44
 Keith Haring,Untitled ,Masterworks 018,"3,900",195,20
 Keith Haring,Untitled ,Masterworks 018,"5,500",250,22
 Barkley L. Hendricks,Selina/Star ,Masterworks 026,"3,450",100,34.50
 Andy Warhol,Little Electric Chair ,Masterworks 017,86,2,43
 Adrian Ghenie,Lidless Eyes ,Masterworks 040,110,5,22
 Alex Katz,Grey Ribbon ,Masterworks 035,110,5,22
 Joan Mitchell,Rhubarb ,Masterworks 014,82,2,41
 Cecily Brown,Lured ,Masterworks 022,135,3,45
 Jean-Michel Basquiat,Untitled (Bracco di Ferro) ,Masterworks 036,84,2,42
 Jean-Michel Basquiat,Untitled (Bracco di Ferro) ,Masterworks 036,82,2,41
 Adrian Ghenie,Lidless Eyes ,Masterworks 040,39,1,39
 Adrian Ghenie,Lidless Eyes ,Masterworks 040,235,5,47
 Adrian Ghenie,Lidless Eyes ,Masterworks 040,86,2,43
 Adrian Ghenie,Lidless Eyes ,Masterworks 040,78,2,39
 Adrian Ghenie,Lidless Eyes ,Masterworks 040,80,2,40
 Gerhard Richter,Ziege ,Masterworks 041,230,5,46
 Gerhard Richter,Ziege ,Masterworks 041,43,1,43
 Gerhard Richter,Ziege ,Masterworks 041,41,1,41
 Gerhard Richter,Ziege ,Masterworks 041,41,1,41
 Gerhard Richter,Ziege ,Masterworks 041,44,1,44
 Jean-Michel Basquiat,Mississippi ,Masterworks 044,44,1,44
 Jean-Michel Basquiat,Mississippi ,Masterworks 044,235,5,47
 Jean-Michel Basquiat,Mississippi ,Masterworks 044,90,2,45
 Carmen Herrera,Green and Orange ,Masterworks 046,240,5,48
 Carmen Herrera,Green and Orange ,Masterworks 046,88,2,44
 Carmen Herrera,Green and Orange ,Masterworks 046,88,2,44
 George Condo,Listening to Voices ,Masterworks 047,94,2,47
 George Condo,Listening to Voices ,Masterworks 047,240,5,48
 George Condo,Listening to Voices ,Masterworks 047,46,1,46
 George Condo,Listening to Voices ,Masterworks 047,44,1,44
 Gunther Uecker,Weisses Feld ,Masterworks 031,600,10,60
 Joan Mitchell,Rhubarb ,Masterworks 014,650,10,65
 Agnes Martin,Untitled #1 ,Masterworks 021,275,5,55
 Pierre Soulages,"Peinture 102 x 130 cm, 11 Juin 2007 ",Masterworks 011,300,5,60
 Kaws,Companion (Detail of Crowd Shot) ,Masterworks 013,250,5,50
 Jean-Michel Basquiat,Untitled (Bracco di Ferro) ,Masterworks 036,"2,300",100,23
 George Condo,The Age of Reason ,Masterworks 029,220,10,22
 George Condo,The Age of Reason ,Masterworks 029,110,5,22
 Andy Warhol,Little Electric Chair ,Masterworks 017,550,25,22
 Joan Mitchell,Rhubarb ,Masterworks 014,625,25,25
 Kaws,Far Away Friends ,Masterworks 008,220,10,22
 Jean-Michel Basquiat,The Mosque ,Masterworks 006,"5,250",250,21
 Gerhard Richter,Ziege ,Masterworks 041,888,37,24
 Gunther Forg,Untitled ,Masterworks 020,"2,221.11",111,20.01
 Keith Haring,Untitled ,Masterworks 018,"1,000",25,40
 Carmen Herrera,Green and Orange ,Masterworks 046,480,20,24
 Zao Wou-Ki,15.6.64 ,Masterworks 019,200,5,40
 Claude Monet,Coup de vent ,Masterworks 002,299,10,29.90
 Chu Teh-Chun,Atmosphere Hivernale ,Masterworks 060,"11,000",500,22
 Jean-Michel Basquiat,Untitled (Bracco di Ferro) ,Masterworks 036,"1,210",55,22
 Chu Teh-Chun,Atmosphere Hivernale ,Masterworks 060,963.03,47,20.49
 Jean-Michel Basquiat,Loin ,Masterworks 030,"12,000",500,24
 Jean-Michel Basquiat,Mississippi ,Masterworks 044,"1,050",50,21
 Keith Haring,Untitled ,Masterworks 043,"1,150",50,23
 Agnes Martin,Untitled #1 ,Masterworks 021,"5,875",250,23.50
 Claude Monet,Coup de vent ,Masterworks 002,"3,500",100,35
 Yayoi Kusama,Untitled ,Masterworks 056,525,25,21
 Jean-Michel Basquiat,Loin ,Masterworks 030,675,25,27
 Andy Warhol,Little Electric Chair ,Masterworks 017,205,10,20.50
 Andy Warhol,Little Electric Chair ,Masterworks 017,330,15,22
 Kaws,Far Away Friends ,Masterworks 008,109.90,5,21.98
 Kaws,Far Away Friends ,Masterworks 008,105,5,21
 Kaws,Far Away Friends ,Masterworks 008,104.45,5,20.89
 Kaws,Far Away Friends ,Masterworks 008,104.70,5,20.94
 Cecily Brown,There is a Land of Pure Delight ,Masterworks 028,"3,500",125,28
 Chu Teh-Chun,Printemps Hivernal  ,Masterworks 049,625,25,25
 Jean-Michel Basquiat,Dark Milk ,Masterworks 042,"1,250",25,50
 Jean-Michel Basquiat,Mississippi ,Masterworks 044,750,25,30
 Keith Haring,Untitled ,Masterworks 037,"7,350",350,21
 Jean-Michel Basquiat,Untitled (Bracco di Ferro) ,Masterworks 036,500,20,25
 Kaws,Companion (Detail of Crowd Shot) ,Masterworks 013,101.20,5,20.24
 Kaws,Companion (Detail of Crowd Shot) ,Masterworks 013,508.25,25,20.33
 Zao Wou-Ki,15.6.64 ,Masterworks 019,"1,500",50,30
 Keith Haring,Untitled ,Masterworks 018,"1,500",50,30
 Pierre Soulages,"Peinture 102 x 130 cm, 11 Juin 2007 ",Masterworks 011,187.92,8,23.49
 Jonas Wood,Hammer 5 ,Masterworks 004,106.70,5,21.34
 Kaws,Companion (Detail of Crowd Shot) ,Masterworks 013,105,5,21
 Jean-Michel Basquiat,The Mosque ,Masterworks 006,105,5,21
 Jean-Michel Basquiat,Dark Milk ,Masterworks 042,"7,500",50,150
 Kaws,Companion (Detail of Crowd Shot) ,Masterworks 013,101.95,5,20.39
 Kaws,Companion (Detail of Crowd Shot) ,Masterworks 013,386.27,19,20.33
 Kaws,Companion (Detail of Crowd Shot) ,Masterworks 013,101.80,5,20.36
 Kaws,Companion (Detail of Crowd Shot) ,Masterworks 013,101.80,5,20.36
 Kaws,Companion (Detail of Crowd Shot) ,Masterworks 013,"3,750",125,30
 Yayoi Kusama,Untitled ,Masterworks 056,300,10,30
 Jean-Michel Basquiat,Dark Milk ,Masterworks 042,"1,250",50,25
 Jean-Michel Basquiat,The Mosque ,Masterworks 006,"1,250",50,25
 Jean-Michel Basquiat,Loin ,Masterworks 030,"9,450",350,27
 Jean-Michel Basquiat,Loin ,Masterworks 030,"4,200",150,28
 Claude Monet,Coup de vent ,Masterworks 002,"1,100",40,27.50
 Jean-Michel Basquiat,Untitled (Bracco di Ferro) ,Masterworks 036,"1,250",50,25
 Jean-Michel Basquiat,The Mosque ,Masterworks 006,120,5,24
 Kaws,Companion (Detail of Crowd Shot) ,Masterworks 013,110,5,22
 Jonas Wood,Hammer 5 ,Masterworks 004,537.50,25,21.50
 Alex Katz,Grey Ribbon ,Masterworks 035,525,25,21
 Lucio Fontana,"Concetto Spaziale, Attesa ",Masterworks 033,220,10,22
 Christopher Wool,Untitled (S77) ,Masterworks 034,220,10,22
 Jean-Michel Basquiat,Untitled (Bracco di Ferro) ,Masterworks 036,"10,500",300,35
 Jean-Michel Basquiat,Untitled (Bracco di Ferro) ,Masterworks 036,"11,580",386,30
 Cecily Brown,Girl Trouble ,Masterworks 007,"9,500",250,38
 Jean-Michel Basquiat,The Mosque ,Masterworks 006,"5,500",250,22
 Jonas Wood,Hammer 5 ,Masterworks 004,600,25,24
 Alex Katz,Maxine ,Masterworks 005,575,25,23
 Jean-Michel Basquiat,The Mosque ,Masterworks 006,550,25,22
 Keith Haring,Untitled ,Masterworks 037,"12,000",500,24
 Kaws,Far Away Friends ,Masterworks 008,"1,050",50,21
 Cecily Brown,There is a Land of Pure Delight ,Masterworks 028,141.25,5,28.25
 Jean-Michel Basquiat,Loin ,Masterworks 030,"10,000",250,40
 Gerhard Richter,Ziege ,Masterworks 041,330,15,22
 Adrian Ghenie,Lidless Eyes ,Masterworks 040,550,25,22
 Keith Haring,Untitled ,Masterworks 037,"1,100",50,22
 Jean-Michel Basquiat,Untitled (Bracco di Ferro) ,Masterworks 036,"1,100",50,22
 Jean-Michel Basquiat,Dark Milk ,Masterworks 042,150,5,30
 Jean-Michel Basquiat,Untitled (Bracco di Ferro) ,Masterworks 036,350,10,35
 Lucio Fontana,"Concetto Spaziale, Attesa ",Masterworks 033,250,10,25
 Keith Haring,Untitled ,Masterworks 018,245,10,24.50
 Kaws,Far Away Friends ,Masterworks 008,110,5,22
 Claude Monet,Coup de vent ,Masterworks 002,150,5,30
 Gerhard Richter,Ziege ,Masterworks 041,"11,000",500,22
 Alex Katz,Maxine ,Masterworks 005,"11,000",500,22
 Chu Teh-Chun,Atmosphere Hivernale ,Masterworks 060,220,10,22
 Kazuo Shiraga,Kosha ,Masterworks 050,110,5,22
 Andy Warhol,Little Electric Chair ,Masterworks 017,110,5,22
 Jean-Michel Basquiat,The Mosque ,Masterworks 006,"1,025",50,20.50
 Jean-Michel Basquiat,Loin ,Masterworks 030,"1,300",50,26
 Gerhard Richter,Ziege ,Masterworks 041,500,20,25
 Kaws,Companion (Detail of Crowd Shot) ,Masterworks 013,"1,250",50,25
 Andy Warhol,Little Electric Chair ,Masterworks 017,102.45,5,20.49
 Joan Mitchell,Rhubarb ,Masterworks 014,110,5,22
 Gerhard Richter,Ziege ,Masterworks 041,"2,500",100,25
 Kaws,Far Away Friends ,Masterworks 008,105.60,5,21.12
 Lucio Fontana,"Concetto Spaziale, Attesa ",Masterworks 033,"5,145",245,21
 Andy Warhol,Little Electric Chair ,Masterworks 017,"5,137.50",250,20.55
 Joan Mitchell,Rhubarb ,Masterworks 014,"6,122.50",250,24.49
 Cecily Brown,There is a Land of Pure Delight ,Masterworks 028,"9,000",300,30
 Jean-Michel Basquiat,Loin ,Masterworks 030,"1,647",61,27
 Barkley L. Hendricks,Selina/Star ,Masterworks 026,"4,750",125,38
 Barkley L. Hendricks,Selina/Star ,Masterworks 026,"4,250",125,34
 Jonas Wood,Hammer 5 ,Masterworks 004,220,10,22
 Jonas Wood,Hammer 5 ,Masterworks 004,110,5,22
 Jonas Wood,Hammer 5 ,Masterworks 004,110,5,22
 Jonas Wood,Hammer 5 ,Masterworks 004,110,5,22
 Jonas Wood,Hammer 5 ,Masterworks 004,110,5,22
 Jonas Wood,Hammer 5 ,Masterworks 004,220,10,22
 Jonas Wood,Hammer 5 ,Masterworks 004,220,10,22
 Chu Teh-Chun,Atmosphere Hivernale ,Masterworks 060,107.50,5,21.50
 Jean-Michel Basquiat,Untitled (Bracco di Ferro) ,Masterworks 036,"5,250",150,35
 Gerhard Richter,Ziege ,Masterworks 041,"1,075",50,21.50
 Mark Bradford,Value 47 ,Masterworks 039,625,25,25
 Agnes Martin,Untitled #1 ,Masterworks 021,625,25,25
 Joan Mitchell,Rhubarb ,Masterworks 014,125,5,25
 Joan Mitchell,Rhubarb ,Masterworks 014,600,25,24
 Sam Gilliam,Tracing ,Masterworks 010,137.50,5,27.50
 Keith Haring,Untitled ,Masterworks 037,"1,914.25",95,20.15
 Barkley L. Hendricks,Selina/Star ,Masterworks 026,"9,600",300,32
 Gunther Forg,Untitled ,Masterworks 048,"3,000",125,24
 Christopher Wool,Lazy and Stupid ,Masterworks 024,"2,500",125,20
 George Condo,The Age of Reason ,Masterworks 029,"4,800",200,24
 Jean-Michel Basquiat,Dark Milk ,Masterworks 042,220,10,22
 Carmen Herrera,Green and Orange ,Masterworks 046,391.86,14,27.99
 Joan Mitchell,Rhubarb ,Masterworks 014,612.25,25,24.49
 Yayoi Kusama,Pumpkin ,Masterworks 038,"2,450",100,24.50
 Sam Gilliam,Tracing ,Masterworks 010,129.95,5,25.99
 Yayoi Kusama,Pumpkin ,Masterworks 038,"1,250",50,25
 George Condo,The Age of Reason ,Masterworks 029,638,22,29
 Banksy,Monkey Poison ,Masterworks 015,"5,696",178,32
 Jean-Michel Basquiat,Mississippi ,Masterworks 044,"5,250",250,21
 Jean-Michel Basquiat,Untitled (Bracco di Ferro) ,Masterworks 036,240,10,24
 Kaws,Far Away Friends ,Masterworks 008,104.95,5,20.99
 Kaws,Far Away Friends ,Masterworks 008,104.95,5,20.99
 Keith Haring,Untitled ,Masterworks 037,115,5,23
 Gerhard Richter,Ziege ,Masterworks 041,105,5,21
 Adrian Ghenie,Lidless Eyes ,Masterworks 040,105,5,21
 George Condo,The Age of Reason ,Masterworks 029,115,5,23
 Christopher Wool,Lazy and Stupid ,Masterworks 024,105,5,21
 Gunther Forg,Untitled ,Masterworks 020,126,6,21
 Chu Teh-Chun,Atmosphere Hivernale ,Masterworks 060,"1,150",50,23
 Joan Mitchell,Rhubarb ,Masterworks 014,175,7,25
 Jean-Michel Basquiat,The Mosque ,Masterworks 006,550,22,25
 Gunther Forg,Untitled ,Masterworks 023,"2,625",125,21
 Chu Teh-Chun,Atmosphere Hivernale ,Masterworks 060,400,16,25
 Chu Teh-Chun,Atmosphere Hivernale ,Masterworks 060,288,12,24
 Chu Teh-Chun,Atmosphere Hivernale ,Masterworks 060,110,5,22
 Jean-Michel Basquiat,Untitled (Bracco di Ferro) ,Masterworks 036,125,5,25
 Jean-Michel Basquiat,The Mosque ,Masterworks 006,125,5,25
 Agnes Martin,Untitled #1 ,Masterworks 021,115.75,5,23.15
 Keith Haring,Untitled ,Masterworks 018,125,5,25
 Jean-Michel Basquiat,The Mosque ,Masterworks 006,125,5,25
 Adrian Ghenie,Lidless Eyes ,Masterworks 040,"9,995",500,19.99
 Jean-Michel Basquiat,Dark Milk ,Masterworks 042,"4,500",100,45
 George Condo,Gargantua ,Masterworks 025,132.45,5,26.49
 Chu Teh-Chun,Printemps Hivernal  ,Masterworks 049,250,10,25
 Jean-Michel Basquiat,Dark Milk ,Masterworks 042,651,31,21
 Sam Gilliam,Tracing ,Masterworks 010,135,5,27
 Jean-Michel Basquiat,Untitled (Bracco di Ferro) ,Masterworks 036,175,5,35
 Yayoi Kusama,Pumpkin ,Masterworks 038,"2,500",25,100
 Jean-Michel Basquiat,The Mosque ,Masterworks 006,562.50,25,22.50
 Yayoi Kusama,Untitled ,Masterworks 056,250,10,25
 Jean-Michel Basquiat,Dark Milk ,Masterworks 042,"1,540",77,20
 Claude Monet,Coup de vent ,Masterworks 002,160,5,32
 Jean-Michel Basquiat,The Mosque ,Masterworks 006,575,25,23
 Gerhard Richter,Ziege ,Masterworks 041,250,10,25
 Alex Katz,Grey Ribbon ,Masterworks 035,"1,260",60,21
 Jean-Michel Basquiat,Mississippi ,Masterworks 044,160,5,32
 Keith Haring,Untitled ,Masterworks 018,"2,250",75,30
 Kazuo Shiraga,Kosha ,Masterworks 050,220,10,22
 Gunther Forg,Untitled ,Masterworks 048,"8,788.75",395,22.25
 Keith Haring,Untitled ,Masterworks 018,"4,200",200,21
 George Condo,The Age of Reason ,Masterworks 029,"1,125",50,22.50
 Agnes Martin,Untitled #1 ,Masterworks 021,581.25,25,23.25
 Sam Gilliam,Through ,Masterworks 057,250,5,50
 Sam Gilliam,Through ,Masterworks 057,352.50,15,23.50
 Sam Gilliam,Through ,Masterworks 057,390,15,26
 Sam Gilliam,Through ,Masterworks 057,638,22,29
 Sam Gilliam,Through ,Masterworks 057,350,14,25
 Sam Gilliam,Through ,Masterworks 057,288,12,24
 George Condo,The Age of Reason ,Masterworks 029,"7,500",250,30
 Joan Mitchell,Rhubarb ,Masterworks 014,"5,250",175,30
 Chu Teh-Chun,Printemps Hivernal  ,Masterworks 049,"1,750",50,35
 Sam Gilliam,Through ,Masterworks 057,240,10,24
 George Condo,The Age of Reason ,Masterworks 029,"1,100",50,22
 Yayoi Kusama,Pumpkin ,Masterworks 038,625,25,25
 Jean-Michel Basquiat,Dark Milk ,Masterworks 042,215,10,21.50
 Jean-Michel Basquiat,The Mosque ,Masterworks 006,217.50,10,21.75
 Adrian Ghenie,Lidless Eyes ,Masterworks 040,748.65,35,21.39
 Kaws,Far Away Friends ,Masterworks 008,"1,033.20",45,22.96
 Banksy,Monkey Poison ,Masterworks 015,"2,244",50,44.88
 Kazuo Shiraga,Kosha ,Masterworks 050,110,5,22
 Mark Bradford,Value 47 ,Masterworks 039,248.50,5,49.70
 Alex Katz,Grey Ribbon ,Masterworks 035,248.50,5,49.70
 Agnes Martin,Untitled #1 ,Masterworks 021,248.50,5,49.70
 Joan Mitchell,Rhubarb ,Masterworks 014,248.50,5,49.70
 Cecily Brown,Girl Trouble ,Masterworks 007,750,25,30
 Andy Warhol,Little Electric Chair ,Masterworks 017,"5,250",250,21
 Zao Wou-Ki,15.6.64 ,Masterworks 019,"5,145",245,21
 Jean-Michel Basquiat,The Mosque ,Masterworks 006,110,5,22
 Jean-Michel Basquiat,The Mosque ,Masterworks 006,210,10,21
 Carmen Herrera,Green and Orange ,Masterworks 046,625,25,25
 Cecily Brown,Lured ,Masterworks 022,29.69,1,29.69
 Pierre Soulages,"Peinture 181 x 91 cm, 7 avril 2007 ",Masterworks 027,"45,600","2,280",20
 Joan Mitchell,Rhubarb ,Masterworks 014,"1,449",63,23
 Banksy,Monkey Poison ,Masterworks 015,"9,900",100,99
 Gunther Forg,Untitled ,Masterworks 023,527.50,25,21.10
 Sam Gilliam,Reaching ,Masterworks 051,280,5,56
 Gunther Forg,Untitled ,Masterworks 048,112.50,5,22.50
 Jean-Michel Basquiat,Loin ,Masterworks 030,"1,149.50",50,22.99
 Lucio Fontana,"Concetto Spaziale, Attesa ",Masterworks 033,220,10,22
 Keith Haring,Untitled ,Masterworks 037,230,10,23
 Lucio Fontana,"Concetto Spaziale, Attesa ",Masterworks 033,345,15,23
 Alex Katz,Maxine ,Masterworks 005,230,10,23
 Jean-Michel Basquiat,Dark Milk ,Masterworks 042,"3,000",30,100
 Gerhard Richter,Ziege ,Masterworks 041,"4,200",150,28
 Adrian Ghenie,Lidless Eyes ,Masterworks 040,"4,200",150,28
 Yayoi Kusama,Pumpkin ,Masterworks 038,"4,200",150,28
 Gunther Forg,Untitled ,Masterworks 048,225,10,22.50
 Gunther Forg,Untitled ,Masterworks 048,290,5,58
 Sam Gilliam,Reaching ,Masterworks 051,310,5,62
 Jean-Michel Basquiat,Loin ,Masterworks 030,625,25,25
 Joan Mitchell,Rhubarb ,Masterworks 014,625,25,25
 Yayoi Kusama,Untitled ,Masterworks 056,250,10,25
 Banksy,Monkey Poison ,Masterworks 015,975,5,195
 Jean-Michel Basquiat,Dark Milk ,Masterworks 042,"2,500",100,25
 Carmen Herrera,Green and Orange ,Masterworks 046,335,5,67
 Gunther Forg,Untitled ,Masterworks 048,325,5,65
 Sam Gilliam,Reaching ,Masterworks 051,335,5,67
 Yayoi Kusama,Untitled ,Masterworks 056,210,10,21
 Adrian Ghenie,Lidless Eyes ,Masterworks 040,220,10,22
 Banksy,Monkey Poison ,Masterworks 015,245,5,49
 George Condo,Gargantua ,Masterworks 025,139.50,5,27.90
 Andy Warhol,1 Colored Marilyn (Reversal Series) ,Masterworks 001,189.60,8,23.70
 Jean-Michel Basquiat,Mississippi ,Masterworks 044,"8,000",400,20
 Andy Warhol,1 Colored Marilyn (Reversal Series) ,Masterworks 001,114.75,5,22.95
 Claude Monet,Coup de vent ,Masterworks 002,700,20,35
 Claude Monet,Coup de vent ,Masterworks 002,"2,000",50,40
 Yayoi Kusama,Untitled ,Masterworks 056,"1,250",50,25
 Pierre Soulages,"Peinture 181 x 91 cm, 7 avril 2007 ",Masterworks 027,"1,120",40,28
 Pierre Soulages,"Peinture 181 x 91 cm, 7 avril 2007 ",Masterworks 027,300,10,30
 George Condo,Gargantua ,Masterworks 025,132.45,5,26.49
 Joan Mitchell,Rhubarb ,Masterworks 014,220,10,22
 Claude Monet,Coup de vent ,Masterworks 002,"1,248.50",5,249.70
 Pierre Soulages,"Peinture 102 x 130 cm, 11 Juin 2007 ",Masterworks 011,216,9,24
 George Condo,Gargantua ,Masterworks 025,"2,504.20",95,26.36
 George Condo,Gargantua ,Masterworks 025,"1,318",50,26.36
 George Condo,Gargantua ,Masterworks 025,527.20,20,26.36
 George Condo,Gargantua ,Masterworks 025,474.48,18,26.36
 Joan Mitchell,Rhubarb ,Masterworks 014,"14,440",500,28.88
 Gunther Uecker,Weisses Feld ,Masterworks 031,"15,615",500,31.23
 Andy Warhol,Little Electric Chair ,Masterworks 017,140,5,28
 Zao Wou-Ki,15.6.64 ,Masterworks 019,235,5,47
 Keith Haring,Untitled ,Masterworks 018,310,5,62
 Andy Warhol,Little Electric Chair ,Masterworks 017,300,5,60
 Joan Mitchell,Rhubarb ,Masterworks 014,310,5,62
 Kaws,Companion (Detail of Crowd Shot) ,Masterworks 013,260,5,52
 Pierre Soulages,"Peinture 102 x 130 cm, 11 Juin 2007 ",Masterworks 011,290,5,58
 Jean-Michel Basquiat,The Mosque ,Masterworks 006,290,5,58
 Jonas Wood,Hammer 5 ,Masterworks 004,275,5,55
 Claude Monet,Coup de vent ,Masterworks 002,280,5,56
 Andy Warhol,1 Colored Marilyn (Reversal Series) ,Masterworks 001,285,5,57
 Joan Mitchell,Rhubarb ,Masterworks 014,"5,720",250,22.88
 Jean-Michel Basquiat,Loin ,Masterworks 030,"5,720",250,22.88
 George Condo,Gargantua ,Masterworks 025,137.50,5,27.50
 Joan Mitchell,Rhubarb ,Masterworks 014,370.65,15,24.71
 George Condo,Listening to Voices ,Masterworks 047,135,5,27
 George Condo,Listening to Voices ,Masterworks 047,135,5,27
 George Condo,Listening to Voices ,Masterworks 047,270,10,27
 George Condo,Listening to Voices ,Masterworks 047,137.50,5,27.50
 George Condo,Listening to Voices ,Masterworks 047,137.50,5,27.50
 George Condo,Listening to Voices ,Masterworks 047,135,5,27
 George Condo,Listening to Voices ,Masterworks 047,135,5,27
 George Condo,Listening to Voices ,Masterworks 047,130,5,26
 George Condo,Listening to Voices ,Masterworks 047,780,30,26
 George Condo,Gargantua ,Masterworks 025,"1,800",45,40
 George Condo,Gargantua ,Masterworks 025,"1,240",40,31
 George Condo,Gargantua ,Masterworks 025,"1,160",40,29
 George Condo,The Age of Reason ,Masterworks 029,800,25,32
 Kaws,Companion (Detail of Crowd Shot) ,Masterworks 013,300,10,30
 Keith Haring,Untitled ,Masterworks 018,150,5,30
 Jonas Wood,Hammer 5 ,Masterworks 004,"1,500",50,30
 Andy Warhol,Little Electric Chair ,Masterworks 017,"2,531.25",125,20.25
 George Condo,Listening to Voices ,Masterworks 047,750,25,30
 Banksy,Monkey Poison ,Masterworks 015,"25,245",540,46.75
 Gunther Forg,Untitled ,Masterworks 020,132.50,5,26.50
 Jean-Michel Basquiat,Dark Milk ,Masterworks 042,248.50,5,49.70
 Adrian Ghenie,Lidless Eyes ,Masterworks 040,248.50,5,49.70
 George Condo,The Age of Reason ,Masterworks 029,"12,000",500,24
 Joan Mitchell,Rhubarb ,Masterworks 014,"6,000",250,24
 Andy Warhol,Little Electric Chair ,Masterworks 017,500,25,20
 Joan Mitchell,Rhubarb ,Masterworks 014,550,25,22
 Keith Haring,Untitled ,Masterworks 018,"1,721.25",85,20.25
 Yayoi Kusama,Pumpkin ,Masterworks 038,115,5,23
 Yayoi Kusama,Pumpkin ,Masterworks 038,600,25,24
 Agnes Martin,Untitled #1 ,Masterworks 021,"9,338",406,23
 Gunther Forg,Untitled ,Masterworks 048,248.50,5,49.70
 Gerhard Richter,Ziege ,Masterworks 041,248.50,5,49.70
 Yayoi Kusama,Pumpkin ,Masterworks 038,248.50,5,49.70
 Lucio Fontana,"Concetto Spaziale, Attesa ",Masterworks 033,248.50,5,49.70
 George Condo,The Age of Reason ,Masterworks 029,248.50,5,49.70
 Pierre Soulages,"Peinture 181 x 91 cm, 7 avril 2007 ",Masterworks 027,248.50,5,49.70
 Zao Wou-Ki,15.6.64 ,Masterworks 019,248.50,5,49.70
 Keith Haring,Untitled ,Masterworks 018,248.50,5,49.70
 Andy Warhol,Little Electric Chair ,Masterworks 017,248.50,5,49.70
 Alex Katz,Maxine ,Masterworks 005,248.50,5,49.70
 George Condo,Listening to Voices ,Masterworks 047,248.50,5,49.70
 Andy Warhol,1 Colored Marilyn (Reversal Series) ,Masterworks 001,248.50,5,49.70
 Gunther Uecker,Weisses Feld ,Masterworks 031,248.50,5,49.70
 Cecily Brown,Girl Trouble ,Masterworks 007,248.50,5,49.70
 Chu Teh-Chun,Printemps Hivernal  ,Masterworks 049,248.50,5,49.70
 Banksy,Monkey Poison ,Masterworks 015,320,5,64
 Keith Haring,Untitled ,Masterworks 018,932.40,45,20.72
 Keith Haring,Untitled ,Masterworks 043,"2,400",100,24
 Alex Katz,Maxine ,Masterworks 005,"2,900",100,29
 Andy Warhol,Little Electric Chair ,Masterworks 017,105,5,21
 Cecily Brown,Lured ,Masterworks 022,528.20,19,27.80
 George Condo,Gargantua ,Masterworks 025,560,20,28
 Andy Warhol,1 Colored Marilyn (Reversal Series) ,Masterworks 001,"1,100",50,22
 Adrian Ghenie,Lidless Eyes ,Masterworks 040,220,10,22
 Chu Teh-Chun,Printemps Hivernal  ,Masterworks 049,248.50,5,49.70
 Banksy,Monkey Poison ,Masterworks 015,320,5,64
 Keith Haring,Untitled ,Masterworks 018,932.40,45,20.72
 Keith Haring,Untitled ,Masterworks 043,"2,400",100,24
 Alex Katz,Maxine ,Masterworks 005,"2,900",100,29
 Andy Warhol,Little Electric Chair ,Masterworks 017,105,5,21
 Cecily Brown,Lured ,Masterworks 022,528.20,19,27.80
 George Condo,Gargantua ,Masterworks 025,560,20,28
 Andy Warhol,1 Colored Marilyn (Reversal Series) ,Masterworks 001,"1,100",50,22
 Adrian Ghenie,Lidless Eyes ,Masterworks 040,220,10,22
 Keith Haring,Untitled ,Masterworks 018,250,10,25
 Keith Haring,Untitled ,Masterworks 018,420,15,28
 George Condo,Listening to Voices ,Masterworks 047,160,5,32
 George Condo,Listening to Voices ,Masterworks 047,300,10,30
 Keith Haring,Untitled ,Masterworks 043,110,5,22
 Jean-Michel Basquiat,Dark Milk ,Masterworks 042,110,5,22
 Gerhard Richter,Ziege ,Masterworks 041,110,5,22
 Keith Haring,Untitled ,Masterworks 037,110,5,22
 Keith Haring,Untitled ,Masterworks 018,110,5,22
 Kaws,Companion (Detail of Crowd Shot) ,Masterworks 013,110,5,22
 Jean-Michel Basquiat,Dark Milk ,Masterworks 042,120,5,24
 Jean-Michel Basquiat,Dark Milk ,Masterworks 042,110,5,22
 Gerhard Richter,Ziege ,Masterworks 041,120,5,24
 Gerhard Richter,Ziege ,Masterworks 041,110,5,22
 Adrian Ghenie,Lidless Eyes ,Masterworks 040,120,5,24
 Adrian Ghenie,Lidless Eyes ,Masterworks 040,110,5,22
 Claude Monet,Coup de vent ,Masterworks 002,"2,600",26,100
 Lucio Fontana,"Concetto Spaziale, Attesa ",Masterworks 033,550,25,22
 Keith Haring,Untitled ,Masterworks 043,200,8,25
 Gerhard Richter,Ziege ,Masterworks 041,200,8,25
 Chu Teh-Chun,Printemps Hivernal  ,Masterworks 049,111.25,5,22.25
 Chu Teh-Chun,Printemps Hivernal  ,Masterworks 049,550,25,22
 Keith Haring,Untitled ,Masterworks 037,110,5,22
 Jean-Michel Basquiat,The Mosque ,Masterworks 006,"5,850",225,26
 Joan Mitchell,Rhubarb ,Masterworks 014,"5,460",182,30
 Mark Bradford,Value 47 ,Masterworks 039,"15,000",500,30
 Mark Bradford,Value 47 ,Masterworks 039,"7,000",250,28
 Carmen Herrera,Green and Orange ,Masterworks 046,"14,000",500,28
 Adrian Ghenie,Lidless Eyes ,Masterworks 040,"14,000",500,28
 George Condo,Gargantua ,Masterworks 025,142.50,5,28.50
 Alex Katz,Maxine ,Masterworks 005,110,5,22
 Joan Mitchell,Rhubarb ,Masterworks 014,138,6,23
 Andy Warhol,Little Electric Chair ,Masterworks 017,939.53,47,19.99
 Keith Haring,Untitled ,Masterworks 043,105,5,21
 Claude Monet,Coup de vent ,Masterworks 002,180,5,36
 Joan Mitchell,Rhubarb ,Masterworks 014,375,15,25
 Gunther Forg,Untitled ,Masterworks 009,"7,500",250,30
 Jean-Michel Basquiat,Loin ,Masterworks 030,"1,250",50,25
 Cecily Brown,Lured ,Masterworks 022,"3,500",125,28
 Gerhard Richter,Ziege ,Masterworks 041,"2,750",125,22
 Agnes Martin,Untitled #1 ,Masterworks 021,"3,000",125,24
 Gerhard Richter,Ziege ,Masterworks 041,210,10,21
 Jean-Michel Basquiat,Dark Milk ,Masterworks 042,210,10,21
 Andy Warhol,Little Electric Chair ,Masterworks 017,"1,000",20,50
 Christopher Wool,Lazy and Stupid ,Masterworks 024,"2,000",100,20
 Keith Haring,Untitled ,Masterworks 018,"1,030",50,20.60
 Joan Mitchell,Rhubarb ,Masterworks 014,"1,125",50,22.50
 Claude Monet,Coup de vent ,Masterworks 002,500,5,100
 Yayoi Kusama,Pumpkin ,Masterworks 038,140,5,28
 Keith Haring,Untitled ,Masterworks 037,160.60,5,32.12
 Yayoi Kusama,Pumpkin ,Masterworks 038,160.60,5,32.12
 Mark Bradford,Value 47 ,Masterworks 039,160.60,5,32.12
 Adrian Ghenie,Lidless Eyes ,Masterworks 040,160.60,5,32.12
 Gerhard Richter,Ziege ,Masterworks 041,160.60,5,32.12
 Jean-Michel Basquiat,Dark Milk ,Masterworks 042,160.60,5,32.12
 Gunther Forg,Untitled ,Masterworks 048,160.60,5,32.12
 Cecily Brown,Lured ,Masterworks 022,140.75,5,28.15
 Andy Warhol,1 Colored Marilyn (Reversal Series) ,Masterworks 001,"1,500",50,30
 Jean-Michel Basquiat,The Mosque ,Masterworks 006,750,25,30
 Gerhard Richter,Ziege ,Masterworks 041,518.50,25,20.74
 Jean-Michel Basquiat,Loin ,Masterworks 030,200,5,40
 George Condo,The Age of Reason ,Masterworks 029,400,10,40
 Gunther Forg,Untitled ,Masterworks 023,350,10,35
 Lucio Fontana,"Concetto Spaziale, Attesa ",Masterworks 033,"5,500",250,22
 Andy Warhol,Little Electric Chair ,Masterworks 017,"5,500",250,22
 Andy Warhol,1 Colored Marilyn (Reversal Series) ,Masterworks 001,"1,250",50,25
 Kaws,Companion (Detail of Crowd Shot) ,Masterworks 013,"1,050",50,21
 Joan Mitchell,Rhubarb ,Masterworks 014,"5,625",250,22.50
 Alex Katz,Grey Ribbon ,Masterworks 035,"12,500",500,25
 Andy Warhol,Little Electric Chair ,Masterworks 017,500,5,100
 Andy Warhol,Little Electric Chair ,Masterworks 017,500,5,100
 Gerhard Richter,Ziege ,Masterworks 041,220,10,22
 Keith Haring,Untitled ,Masterworks 043,220,10,22
 Andy Warhol,1 Colored Marilyn (Reversal Series) ,Masterworks 001,137.50,5,27.50
 Cecily Brown,Lured ,Masterworks 022,"1,650",50,33
 George Condo,Gargantua ,Masterworks 025,"1,650",50,33
 Keith Haring,Untitled ,Masterworks 037,"10,000",250,40
 Jean-Michel Basquiat,Untitled (Bracco di Ferro) ,Masterworks 036,"10,000",250,40
 Jean-Michel Basquiat,Untitled (Bracco di Ferro) ,Masterworks 036,625,25,25
 Agnes Martin,Untitled #1 ,Masterworks 021,135,5,27
 Andy Warhol,Little Electric Chair ,Masterworks 017,112.50,5,22.50
 Andy Warhol,1 Colored Marilyn (Reversal Series) ,Masterworks 001,612.50,25,24.50
 Andy Warhol,1 Colored Marilyn (Reversal Series) ,Masterworks 001,597.50,25,23.90
 Banksy,Monkey Poison ,Masterworks 015,400,5,80
 Banksy,Monkey Poison ,Masterworks 015,350,5,70
 Banksy,Monkey Poison ,Masterworks 015,300,5,60
 Gunther Forg,Untitled ,Masterworks 023,110,5,22
 Gunther Forg,Untitled ,Masterworks 023,220,10,22
 Pierre Soulages,"Peinture 181 x 91 cm, 7 avril 2007 ",Masterworks 027,"2,150",100,21.50
 Keith Haring,Untitled ,Masterworks 018,"3,069",150,20.46
 Jonas Wood,Hammer 5 ,Masterworks 004,550,25,22
 Jean-Michel Basquiat,The Mosque ,Masterworks 006,"2,100",100,21
 Andy Warhol,Little Electric Chair ,Masterworks 017,110,5,22
 Joan Mitchell,Rhubarb ,Masterworks 014,"2,300",100,23
 Andy Warhol,Little Electric Chair ,Masterworks 017,500,25,20
 Joan Mitchell,Rhubarb ,Masterworks 014,251,10,25.10
 Lucio Fontana,"Concetto Spaziale, Attesa ",Masterworks 033,"2,500",25,100
 Gunther Uecker,Weisses Feld ,Masterworks 031,"2,500",25,100
 Pierre Soulages,"Peinture 102 x 130 cm, 11 Juin 2007 ",Masterworks 011,"3,750",150,25
 Christopher Wool,Untitled (S77) ,Masterworks 034,808,40,20.20
 Jean-Michel Basquiat,Untitled (Bracco di Ferro) ,Masterworks 036,"25,000","1,000",25
 Alex Katz,Grey Ribbon ,Masterworks 035,575,25,23
 Agnes Martin,Untitled #1 ,Masterworks 021,"9,990",10,999
 Keith Haring,Untitled ,Masterworks 018,"9,990",10,999
 Claude Monet,Coup de vent ,Masterworks 002,350,10,35
 Keith Haring,Untitled ,Masterworks 018,208,10,20.80
 Agnes Martin,Untitled #1 ,Masterworks 021,230,10,23
 Kaws,Far Away Friends ,Masterworks 008,"4,270.28",202,21.14
 Andy Warhol,Little Electric Chair ,Masterworks 017,600,20,30
 Andy Warhol,Little Electric Chair ,Masterworks 017,500,25,20
 Jean-Michel Basquiat,The Mosque ,Masterworks 006,499.90,10,49.99
 Gunther Forg,Untitled ,Masterworks 048,"11,250",500,22.50
 Adrian Ghenie,Lidless Eyes ,Masterworks 040,210,10,21
 Jean-Michel Basquiat,Untitled (Bracco di Ferro) ,Masterworks 036,"3,125",125,25
 Agnes Martin,Untitled #1 ,Masterworks 021,"5,000",5,"1,000"
 Christopher Wool,Untitled (S77) ,Masterworks 034,630,30,21
 Adrian Ghenie,Lidless Eyes ,Masterworks 040,"1,250",50,25
 Alex Katz,Grey Ribbon ,Masterworks 035,750,25,30
 Kaws,Far Away Friends ,Masterworks 008,600,20,30
 Jean-Michel Basquiat,The Mosque ,Masterworks 006,"2,200",100,22
 Andy Warhol,1 Colored Marilyn (Reversal Series) ,Masterworks 001,140,5,28
 Joan Mitchell,Rhubarb ,Masterworks 014,140.04,6,23.34
 Joan Mitchell,Rhubarb ,Masterworks 014,276,12,23
 Joan Mitchell,Rhubarb ,Masterworks 014,120,5,24
 Andy Warhol,1 Colored Marilyn (Reversal Series) ,Masterworks 001,288,12,24
 Yayoi Kusama,Pumpkin ,Masterworks 038,"1,800",75,24
 Yayoi Kusama,Pumpkin ,Masterworks 038,150,5,30
 Jean-Michel Basquiat,Untitled (Bracco di Ferro) ,Masterworks 036,"3,750",150,25
 Kaws,Far Away Friends ,Masterworks 008,"3,750",150,25
 Claude Monet,Coup de vent ,Masterworks 002,"1,250",5,250
 Jean-Michel Basquiat,The Mosque ,Masterworks 006,"25,000",5,"5,000"
 Banksy,Monkey Poison ,Masterworks 015,"3,000,000",10,"300,000"
 Jean-Michel Basquiat,Loin ,Masterworks 030,"1,200",50,24
 George Condo,The Age of Reason ,Masterworks 029,750,30,25
 Jean-Michel Basquiat,Untitled (Bracco di Ferro) ,Masterworks 036,625,25,25
 Jean-Michel Basquiat,The Mosque ,Masterworks 006,315,15,21
 Joan Mitchell,Rhubarb ,Masterworks 014,"3,250",125,26
 Jean-Michel Basquiat,The Mosque ,Masterworks 006,650,25,26
 Mark Bradford,Value 47 ,Masterworks 039,360,15,24
 Christopher Wool,Untitled (S77) ,Masterworks 034,230,10,23
 Gunther Uecker,Weisses Feld ,Masterworks 031,240,10,24
 Pierre Soulages,"Peinture 181 x 91 cm, 7 avril 2007 ",Masterworks 027,230,10,23
 Agnes Martin,Untitled #1 ,Masterworks 021,"2,400",100,24
 Claude Monet,Coup de vent ,Masterworks 002,"50,000",500,100
 Christopher Wool,Lazy and Stupid ,Masterworks 024,"1,005",50,20.10
 Andy Warhol,Little Electric Chair ,Masterworks 017,"1,250",50,25
 Kaws,Far Away Friends ,Masterworks 008,"6,000",150,40
 Jean-Michel Basquiat,The Mosque ,Masterworks 006,147,7,21
 Alex Katz,Grey Ribbon ,Masterworks 035,456,19,24
 Claude Monet,Coup de vent ,Masterworks 002,750,25,30
 Joan Mitchell,Rhubarb ,Masterworks 014,"1,113",50,22.26
 Keith Haring,Untitled ,Masterworks 018,"1,035",50,20.70
 Jean-Michel Basquiat,Untitled (Bracco di Ferro) ,Masterworks 036,345,15,23
 Jean-Michel Basquiat,Loin ,Masterworks 030,345,15,23
 Agnes Martin,Untitled #1 ,Masterworks 021,207,9,23
 Andy Warhol,Little Electric Chair ,Masterworks 017,345,15,23
 Kaws,Companion (Detail of Crowd Shot) ,Masterworks 013,230,10,23
 Jean-Michel Basquiat,The Mosque ,Masterworks 006,345,15,23
 Jonas Wood,Hammer 5 ,Masterworks 004,230,10,23
 Jean-Michel Basquiat,The Mosque ,Masterworks 006,350,10,35
 Kaws,Far Away Friends ,Masterworks 008,"3,125",125,25
 Alex Katz,Maxine ,Masterworks 005,162.40,7,23.20
 Keith Haring,Untitled ,Masterworks 018,152.88,7,21.84
 Jean-Michel Basquiat,Loin ,Masterworks 030,200,5,40
 Keith Haring,Untitled ,Masterworks 018,"1,100",50,22
 Keith Haring,Untitled ,Masterworks 018,103.50,5,20.70
 Keith Haring,Untitled ,Masterworks 018,109.30,5,21.86
 Jean-Michel Basquiat,The Mosque ,Masterworks 006,"1,000",20,50
 Jean-Michel Basquiat,Untitled (Bracco di Ferro) ,Masterworks 036,"10,000",250,40
 Sam Gilliam,Tracing ,Masterworks 010,250,5,50
 Keith Haring,Untitled ,Masterworks 018,533.75,25,21.35
 Kaws,Companion (Detail of Crowd Shot) ,Masterworks 013,"1,062.50",50,21.25
 Christopher Wool,Lazy and Stupid ,Masterworks 024,"1,567.50",75,20.90
 Alex Katz,Grey Ribbon ,Masterworks 035,240,10,24
 Alex Katz,Grey Ribbon ,Masterworks 035,120,5,24
 Kaws,Companion (Detail of Crowd Shot) ,Masterworks 013,750,25,30
 Joan Mitchell,Rhubarb ,Masterworks 014,"4,050",150,27
 Sam Gilliam,Tracing ,Masterworks 010,140,5,28
 Andy Warhol,Little Electric Chair ,Masterworks 017,110,5,22
 Gunther Forg,Untitled ,Masterworks 023,192,8,24
 Kaws,Far Away Friends ,Masterworks 008,125,5,25
 Keith Haring,Untitled ,Masterworks 018,250,5,50
 Agnes Martin,Untitled #1 ,Masterworks 021,250,10,25
 Kaws,Far Away Friends ,Masterworks 008,215,10,21.50
 Jean-Michel Basquiat,Untitled (Bracco di Ferro) ,Masterworks 036,200,5,40
 Jean-Michel Basquiat,The Mosque ,Masterworks 006,"2,200",100,22
 Gunther Forg,Untitled ,Masterworks 009,"7,000",250,28
 Christopher Wool,Lazy and Stupid ,Masterworks 024,"2,500",100,25
 Claude Monet,Coup de vent ,Masterworks 002,300,3,100
 Agnes Martin,Untitled #1 ,Masterworks 021,575,25,23
 Lucio Fontana,"Concetto Spaziale, Attesa ",Masterworks 033,"1,875",75,25
 Jean-Michel Basquiat,Untitled (Bracco di Ferro) ,Masterworks 036,"2,800",100,28
 Jean-Michel Basquiat,Untitled (Bracco di Ferro) ,Masterworks 036,125,5,25
 Jean-Michel Basquiat,Untitled (Bracco di Ferro) ,Masterworks 036,"1,000",20,50
 Agnes Martin,Untitled #1 ,Masterworks 021,"1,300",50,26
 Keith Haring,Untitled ,Masterworks 018,"1,300",50,26
 Joan Mitchell,Rhubarb ,Masterworks 014,"1,300",50,26
 Pierre Soulages,"Peinture 102 x 130 cm, 11 Juin 2007 ",Masterworks 011,"1,300",50,26
 Lucio Fontana,"Concetto Spaziale, Attesa ",Masterworks 033,625,25,25
 Kaws,Companion (Detail of Crowd Shot) ,Masterworks 013,"5,500",250,22
 Mark Bradford,Value 47 ,Masterworks 039,440,20,22
 Andy Warhol,Little Electric Chair ,Masterworks 017,"1,150",50,23
 Jean-Michel Basquiat,Untitled (Bracco di Ferro) ,Masterworks 036,"10,000",250,40
 Alex Katz,Maxine ,Masterworks 005,550,25,22
 Christopher Wool,Untitled (S77) ,Masterworks 034,220,10,22
 Andy Warhol,Little Electric Chair ,Masterworks 017,"3,800",190,20
 Jean-Michel Basquiat,The Mosque ,Masterworks 006,"1,137.50",50,22.75
 Claude Monet,Coup de vent ,Masterworks 002,"1,275",50,25.50
 Cecily Brown,Girl Trouble ,Masterworks 007,"1,700",50,34
 Gunther Forg,Untitled ,Masterworks 023,"1,150",50,23
 Jean-Michel Basquiat,Loin ,Masterworks 030,"12,500",500,25
 Cecily Brown,There is a Land of Pure Delight ,Masterworks 028,"1,700",68,25
 Jean-Michel Basquiat,The Mosque ,Masterworks 006,105,5,21
 Jean-Michel Basquiat,Loin ,Masterworks 030,"7,804.03",347,22.49
 Andy Warhol,Little Electric Chair ,Masterworks 017,500,20,25
 Agnes Martin,Untitled #1 ,Masterworks 021,"1,008",42,24
 Claude Monet,Coup de vent ,Masterworks 002,750,25,30
 Keith Haring,Untitled ,Masterworks 018,220,10,22
 Jean-Michel Basquiat,The Mosque ,Masterworks 006,"1,000",20,50
 Kaws,Companion (Detail of Crowd Shot) ,Masterworks 013,"1,000",20,50
 Andy Warhol,Little Electric Chair ,Masterworks 017,"1,000",20,50
 Cecily Brown,Girl Trouble ,Masterworks 007,"3,750",125,30
 Gunther Uecker,Weisses Feld ,Masterworks 031,687.50,25,27.50
 Joan Mitchell,Rhubarb ,Masterworks 014,"2,000",25,80
 Jean-Michel Basquiat,Loin ,Masterworks 030,375,15,25
 George Condo,The Age of Reason ,Masterworks 029,625,25,25
 Pierre Soulages,"Peinture 181 x 91 cm, 7 avril 2007 ",Masterworks 027,625,25,25
 Christopher Wool,Lazy and Stupid ,Masterworks 024,375,15,25
 Gunther Forg,Untitled ,Masterworks 023,375,15,25
 Agnes Martin,Untitled #1 ,Masterworks 021,375,15,25
 Gunther Forg,Untitled ,Masterworks 020,375,15,25
 Zao Wou-Ki,15.6.64 ,Masterworks 019,"1,250",50,25
 Keith Haring,Untitled ,Masterworks 018,625,25,25
 Andy Warhol,Little Electric Chair ,Masterworks 017,625,25,25
 Joan Mitchell,Rhubarb ,Masterworks 014,"1,250",50,25
 Kaws,Companion (Detail of Crowd Shot) ,Masterworks 013,375,15,25
 Pierre Soulages,"Peinture 102 x 130 cm, 11 Juin 2007 ",Masterworks 011,625,25,25
 Jean-Michel Basquiat,The Mosque ,Masterworks 006,"2,500",100,25
 Jonas Wood,Hammer 5 ,Masterworks 004,625,25,25
 Andy Warhol,Little Electric Chair ,Masterworks 017,"1,450",29,50
 Andy Warhol,Little Electric Chair ,Masterworks 017,"3,000",100,30
 Andy Warhol,Little Electric Chair ,Masterworks 017,"2,075",100,20.75
 Christopher Wool,Untitled (S77) ,Masterworks 034,110,5,22
 Jonas Wood,Hammer 5 ,Masterworks 004,"10,890",495,22
 Claude Monet,Coup de vent ,Masterworks 002,"3,663",111,33
 Jean-Michel Basquiat,The Mosque ,Masterworks 006,220,10,22
 Jean-Michel Basquiat,Loin ,Masterworks 030,250,10,25
 Andy Warhol,Little Electric Chair ,Masterworks 017,"2,200",100,22
 Joan Mitchell,Rhubarb ,Masterworks 014,"1,100",50,22
 Andy Warhol,Little Electric Chair ,Masterworks 017,"5,000",125,40
 George Condo,The Age of Reason ,Masterworks 029,"5,000",125,40
 Claude Monet,Coup de vent ,Masterworks 002,"4,800",8,600
 Kaws,Companion (Detail of Crowd Shot) ,Masterworks 013,"13,500",3,"4,500"
 Jean-Michel Basquiat,The Mosque ,Masterworks 006,"2,200",100,22
 Pierre Soulages,"Peinture 102 x 130 cm, 11 Juin 2007 ",Masterworks 011,470,20,23.50
 Christopher Wool,Untitled (S77) ,Masterworks 034,"16,000",200,80
 George Condo,The Age of Reason ,Masterworks 029,"18,000",250,72
 Andy Warhol,Little Electric Chair ,Masterworks 017,"1,250",50,25
 George Condo,The Age of Reason ,Masterworks 029,"1,000",25,40
 Jean-Michel Basquiat,The Mosque ,Masterworks 006,960,40,24
 Agnes Martin,Untitled #1 ,Masterworks 021,"14,000",500,28
 Christopher Wool,Untitled (S77) ,Masterworks 034,"3,125",125,25
 Cecily Brown,Girl Trouble ,Masterworks 007,750,25,30
 Christopher Wool,Untitled (S77) ,Masterworks 034,"1,575",75,21
 Christopher Wool,Untitled (S77) ,Masterworks 034,220,10,22
 Jean-Michel Basquiat,Loin ,Masterworks 030,"15,000",200,75
 Pierre Soulages,"Peinture 102 x 130 cm, 11 Juin 2007 ",Masterworks 011,235,10,23.50
 George Condo,The Age of Reason ,Masterworks 029,"2,500",100,25
 Jean-Michel Basquiat,Loin ,Masterworks 030,243,10,24.30
 Agnes Martin,Untitled #1 ,Masterworks 021,625,25,25
 Andy Warhol,Little Electric Chair ,Masterworks 017,999,50,19.98
 Gunther Forg,Untitled ,Masterworks 023,"1,056",50,21.12
 Andy Warhol,Little Electric Chair ,Masterworks 017,"1,056",50,21.12
 Andy Warhol,Little Electric Chair ,Masterworks 017,"4,704",224,21
 Andy Warhol,Little Electric Chair ,Masterworks 017,210,10,21
 Andy Warhol,1 Colored Marilyn (Reversal Series) ,Masterworks 001,200,8,25
 Pierre Soulages,"Peinture 181 x 91 cm, 7 avril 2007 ",Masterworks 027,"2,727",101,27
 Andy Warhol,Little Electric Chair ,Masterworks 017,320,8,40
 Joan Mitchell,Rhubarb ,Masterworks 014,280,7,40
 Christopher Wool,Lazy and Stupid ,Masterworks 024,502.50,25,20.10
 Jean-Michel Basquiat,Loin ,Masterworks 030,575,25,23
 Jean-Michel Basquiat,Loin ,Masterworks 030,235,10,23.50
 Agnes Martin,Untitled #1 ,Masterworks 021,"3,125",125,25
 Jean-Michel Basquiat,The Mosque ,Masterworks 006,600,25,24
 Andy Warhol,Little Electric Chair ,Masterworks 017,110,5,22
 Cecily Brown,There is a Land of Pure Delight ,Masterworks 028,910,35,26
 Cecily Brown,Lured ,Masterworks 022,"7,500",250,30
 Joan Mitchell,Rhubarb ,Masterworks 014,"7,700",275,28
 Jean-Michel Basquiat,The Mosque ,Masterworks 006,"4,800",200,24
 Kaws,Companion (Detail of Crowd Shot) ,Masterworks 013,"12,500",500,25
 Cecily Brown,There is a Land of Pure Delight ,Masterworks 028,"4,455",165,27
 Keith Haring,Untitled ,Masterworks 018,625,25,25
 Gunther Forg,Untitled ,Masterworks 023,"1,250",50,25
 Sam Gilliam,Tracing ,Masterworks 010,"15,000",500,30
 Jean-Michel Basquiat,The Mosque ,Masterworks 006,"7,500",300,25
 Alex Katz,Maxine ,Masterworks 005,125,5,25
 Andy Warhol,Little Electric Chair ,Masterworks 017,"2,000",100,20
 Agnes Martin,Untitled #1 ,Masterworks 021,230,10,23
 Keith Haring,Untitled ,Masterworks 018,"4,400",200,22
 Pierre Soulages,"Peinture 181 x 91 cm, 7 avril 2007 ",Masterworks 027,"1,890",90,21
 Keith Haring,Untitled ,Masterworks 018,150,5,30
 Keith Haring,Untitled ,Masterworks 018,575,5,115
 Joan Mitchell,Rhubarb ,Masterworks 014,600,25,24
 Gunther Forg,Untitled ,Masterworks 023,"3,000",125,24
 Andy Warhol,Little Electric Chair ,Masterworks 017,"3,125",125,25
 Zao Wou-Ki,15.6.64 ,Masterworks 019,"3,125",125,25
 Joan Mitchell,Rhubarb ,Masterworks 014,"1,200",50,24
 Joan Mitchell,Rhubarb ,Masterworks 014,625,25,25
 George Condo,The Age of Reason ,Masterworks 029,625,25,25
 Andy Warhol,Little Electric Chair ,Masterworks 017,"1,000",50,20
 Joan Mitchell,Rhubarb ,Masterworks 014,625,25,25
 Alex Katz,Maxine ,Masterworks 005,230,10,23
 Joan Mitchell,Rhubarb ,Masterworks 014,225,10,22.50
 Jean-Michel Basquiat,The Mosque ,Masterworks 006,220,10,22
 Andy Warhol,Little Electric Chair ,Masterworks 017,"1,060.50",50,21.21
 Gunther Forg,Untitled ,Masterworks 023,225,10,22.50
 Andy Warhol,Little Electric Chair ,Masterworks 017,230,10,23
 Agnes Martin,Untitled #1 ,Masterworks 021,230,10,23
 George Condo,The Age of Reason ,Masterworks 029,230,10,23
 Andy Warhol,1 Colored Marilyn (Reversal Series) ,Masterworks 001,450,10,45
 Kaws,Companion (Detail of Crowd Shot) ,Masterworks 013,"6,250",250,25
 Gunther Forg,Untitled ,Masterworks 009,750,25,30
 Christopher Wool,Lazy and Stupid ,Masterworks 024,410,20,20.50
 Pierre Soulages,"Peinture 181 x 91 cm, 7 avril 2007 ",Masterworks 027,630,30,21
 Christopher Wool,Lazy and Stupid ,Masterworks 024,630,30,21
 Claude Monet,Coup de vent ,Masterworks 002,"1,000",10,100
 Jean-Michel Basquiat,The Mosque ,Masterworks 006,"2,222.20",20,111.11
 Zao Wou-Ki,15.6.64 ,Masterworks 019,"2,400",100,24
 Joan Mitchell,Rhubarb ,Masterworks 014,660,30,22
 Christopher Wool,Lazy and Stupid ,Masterworks 024,"1,250",50,25
 Gunther Forg,Untitled ,Masterworks 020,375,15,25
 Zao Wou-Ki,15.6.64 ,Masterworks 019,150,5,30
 Pierre Soulages,"Peinture 102 x 130 cm, 11 Juin 2007 ",Masterworks 011,135,5,27
 Cecily Brown,Girl Trouble ,Masterworks 007,165,5,33
 Jean-Michel Basquiat,The Mosque ,Masterworks 006,360,15,24
 Jean-Michel Basquiat,The Mosque ,Masterworks 006,245,10,24.50
 Jean-Michel Basquiat,The Mosque ,Masterworks 006,125,5,25
 Gunther Forg,Untitled ,Masterworks 020,400,10,40
 Gunther Forg,Untitled ,Masterworks 020,450,15,30
 Zao Wou-Ki,15.6.64 ,Masterworks 019,"1,600",40,40
 Joan Mitchell,Rhubarb ,Masterworks 014,125,5,25
 Jean-Michel Basquiat,The Mosque ,Masterworks 006,"19,500",975,20
 Kaws,Companion (Detail of Crowd Shot) ,Masterworks 013,820,40,20.50
 Kaws,Companion (Detail of Crowd Shot) ,Masterworks 013,816,40,20.40
 Kaws,Companion (Detail of Crowd Shot) ,Masterworks 013,612,30,20.40
 Jean-Michel Basquiat,The Mosque ,Masterworks 006,"5,250",250,21
 Zao Wou-Ki,15.6.64 ,Masterworks 019,"12,500",500,25
 Jean-Michel Basquiat,The Mosque ,Masterworks 006,485,20,24.25
 Zao Wou-Ki,15.6.64 ,Masterworks 019,"1,100",50,22
 Kaws,Far Away Friends ,Masterworks 008,"1,300",50,26
 Jean-Michel Basquiat,The Mosque ,Masterworks 006,"1,040",40,26
 Alex Katz,Maxine ,Masterworks 005,"1,300",50,26
 Claude Monet,Coup de vent ,Masterworks 002,"1,300",50,26
 Gunther Forg,Untitled ,Masterworks 023,345,15,23
 Christopher Wool,Lazy and Stupid ,Masterworks 024,460,20,23
 Keith Haring,Untitled ,Masterworks 018,460,20,23
 Jean-Michel Basquiat,The Mosque ,Masterworks 006,600,25,24
 Kaws,Companion (Detail of Crowd Shot) ,Masterworks 013,419.80,20,20.99
 Kaws,Companion (Detail of Crowd Shot) ,Masterworks 013,"1,050",50,21
 Jonas Wood,Hammer 5 ,Masterworks 004,116.25,5,23.25
 Jonas Wood,Hammer 5 ,Masterworks 004,235,10,23.50
 Jonas Wood,Hammer 5 ,Masterworks 004,232.50,10,23.25
 Jonas Wood,Hammer 5 ,Masterworks 004,237.50,10,23.75
 Jonas Wood,Hammer 5 ,Masterworks 004,232.50,10,23.25
 Jonas Wood,Hammer 5 ,Masterworks 004,240,10,24
 Jonas Wood,Hammer 5 ,Masterworks 004,470,20,23.50
 Jonas Wood,Hammer 5 ,Masterworks 004,235,10,23.50
 Jonas Wood,Hammer 5 ,Masterworks 004,460,20,23
 Gunther Forg,Untitled ,Masterworks 020,460,20,23
 Jean-Michel Basquiat,The Mosque ,Masterworks 006,"1,150",50,23
 Claude Monet,Coup de vent ,Masterworks 002,"12,000",30,400
 Pierre Soulages,"Peinture 102 x 130 cm, 11 Juin 2007 ",Masterworks 011,240,10,24
 Jean-Michel Basquiat,The Mosque ,Masterworks 006,"75,000",5,"15,000"
 Sam Gilliam,Tracing ,Masterworks 010,"2,500",50,50
 Sam Gilliam,Tracing ,Masterworks 010,"1,500",50,30
 Andy Warhol,1 Colored Marilyn (Reversal Series) ,Masterworks 001,"7,282",331,22
 Zao Wou-Ki,15.6.64 ,Masterworks 019,"3,300",100,33
 Alex Katz,Maxine ,Masterworks 005,550,25,22
 Gunther Forg,Untitled ,Masterworks 020,888,40,22.20
 Jean-Michel Basquiat,The Mosque ,Masterworks 006,636,30,21.20
 Gunther Forg,Untitled ,Masterworks 020,"1,050",25,42
 Pierre Soulages,"Peinture 102 x 130 cm, 11 Juin 2007 ",Masterworks 011,"1,050",25,42
 Zao Wou-Ki,15.6.64 ,Masterworks 019,"1,175",25,47
 Kaws,Companion (Detail of Crowd Shot) ,Masterworks 013,"1,100",50,22
 Cecily Brown,Girl Trouble ,Masterworks 007,"1,750",50,35
 Kaws,Far Away Friends ,Masterworks 008,140,5,28
 Claude Monet,Coup de vent ,Masterworks 002,"10,000",250,40
 Zao Wou-Ki,15.6.64 ,Masterworks 019,"3,900",100,39
 Alex Katz,Maxine ,Masterworks 005,237.50,10,23.75
 Alex Katz,Maxine ,Masterworks 005,240,10,24
 Alex Katz,Maxine ,Masterworks 005,235,10,23.50
